pref_i,pref_i_name,pref_j,pref_j_name,F_i_to_j,F_j_to_i,F_bidirectional,T_i,T_j,E_i,E_j,R_i_to_j,R_j_to_i,R_ext_i_to_j,R_ext_j_to_i,P_i,P_j,S_bidir_over_Psum,S2_bidir_over_sqrtPiPj_exploratory
26,Kyoto,25,Shiga,22487.0,56979.0,79466.0,1266101.0,791323.0,145431.0,86976.0,0.017760826347976977,0.07200473131704753,0.15462315462315462,0.6551117549668874,2578087,1413610,0.019907823664972568,0.04162629561238766
26,Kyoto,27,Osaka,89444.0,86787.0,176231.0,1266101.0,4306368.0,145431.0,257987.0,0.07064523288426437,0.02015317780551964,0.6150270575049336,0.33640067135165724,2578087,8837685,0.015437501730062584,0.036920218457998255
26,Kyoto,28,Hyogo,9593.0,18709.0,28302.0,1266101.0,2814772.0,145431.0,348387.0,0.007576804694096284,0.006646719521154822,0.06596255268821641,0.053701774176418755,2578087,5465002,0.0035187973177966824,0.007540031835412298
26,Kyoto,29,Nara,16943.0,19774.0,36717.0,1266101.0,676787.0,145431.0,171912.0,0.013382028763897982,0.02921746428344516,0.11650198375862093,0.11502396574991856,2578087,1324473,0.00940843958837276,0.019869953479412797
26,Kyoto,18,Fukui,2009.0,1405.0,3414.0,1266101.0,446418.0,145431.0,6714.0,0.0015867612457457975,0.00314727452746081,0.013814111159243903,0.20926422400953232,2578087,766863,0.0010206430589395955,0.002428040017257352
25,Shiga,24,Mie,1598.0,1617.0,3215.0,791323.0,969592.0,86976.0,55830.0,0.0020194029492381746,0.0016677117798001634,0.018372884473877853,0.028962923159591616,1413610,1770254,0.001009779312181676,0.0020323494331492167
25,Shiga,21,Gifu,1695.0,1476.0,3171.0,791323.0,1103907.0,86976.0,117904.0,0.0021419824774459987,0.0013370691552821025,0.019488134657836644,0.012518659248201927,1413610,1978742,0.0009347496957862864,0.0018959935328147317
25,Shiga,18,Fukui,973.0,531.0,1504.0,791323.0,446418.0,86976.0,6714.0,0.001229586401507349,0.0011894681666061852,0.011186994113318617,0.07908847184986595,1413610,766863,0.0006897585982490955,0.0014445219310225636
27,Osaka,28,Hyogo,106051.0,309704.0,415755.0,4306368.0,2814772.0,257987.0,348387.0,0.02462655304888017,0.11002809463786055,0.41107110048180723,0.8889654321200274,8837685,5465002,0.029068314226550578,0.05982367097875061
27,Osaka,29,Nara,27627.0,137932.0,165559.0,4306368.0,676787.0,257987.0,171912.0,0.006415382986312363,0.20380415108446231,0.10708679119490518,0.8023407324677743,8837685,1324473,0.01629171677905421,0.048390708505067326
27,Osaka,30,Wakayama,12974.0,25842.0,38816.0,4306368.0,465902.0,257987.0,32592.0,0.0030127476332724003,0.05546660027216024,0.05028935566520794,0.7928939617083947,8837685,922584,0.003976939570005704,0.013593727534458293
29,Nara,30,Wakayama,1670.0,3059.0,4729.0,676787.0,465902.0,171912.0,32592.0,0.0024675414864647224,0.006565758464226383,0.009714272418446647,0.0938573883161512,1324473,922584,0.002104530503676587,0.0042780395969964306
29,Nara,24,Mie,4122.0,2951.0,7073.0,676787.0,969592.0,171912.0,55830.0,0.006090542519285979,0.0030435482140941756,0.023977383777746754,0.052856886978327064,1324473,1770254,0.0022855004657922977,0.004619173884660623
21,Gifu,24,Mie,3518.0,1479.0,4997.0,1103907.0,969592.0,117904.0,55830.0,0.0031868626614379655,0.001525383872804231,0.029837834170172342,0.026491133799032777,1978742,1770254,0.00133289019246753,0.0026699121471462917
21,Gifu,18,Fukui,261.0,130.0,391.0,1103907.0,446418.0,117904.0,6714.0,0.00023643296038524986,0.00029120689577929207,0.0022136653548649747,0.019362526064938934,1978742,766863,0.00014240941431851997,0.00031741195447699367
