origin_pref,dest_pref,F,T,E,share_of_T,share_of_E
18,01,15.0,446418.0,6714.0,3.360079566684139e-05,0.002234137622877569
18,02,6.0,446418.0,6714.0,1.3440318266736557e-05,0.0008936550491510277
18,03,3.0,446418.0,6714.0,6.720159133368278e-06,0.00044682752457551384
18,04,7.0,446418.0,6714.0,1.5680371311192648e-05,0.0010425975573428656
18,05,1.0,446418.0,6714.0,2.240053044456093e-06,0.00014894250819183795
18,06,0.0,446418.0,6714.0,0.0,0.0
18,07,11.0,446418.0,6714.0,2.464058348901702e-05,0.0016383675901102174
18,08,14.0,446418.0,6714.0,3.1360742622385296e-05,0.002085195114685731
18,09,10.0,446418.0,6714.0,2.2400530444560928e-05,0.0014894250819183796
18,10,3.0,446418.0,6714.0,6.720159133368278e-06,0.00044682752457551384
18,11,17.0,446418.0,6714.0,3.808090175575358e-05,0.002532022639261245
18,12,14.0,446418.0,6714.0,3.1360742622385296e-05,0.002085195114685731
18,13,246.0,446418.0,6714.0,0.0005510530489361988,0.03663985701519214
18,14,59.0,446418.0,6714.0,0.00013216312962290947,0.00878760798331844
18,15,35.0,446418.0,6714.0,7.840185655596324e-05,0.005212987786714328
18,16,194.0,446418.0,6714.0,0.000434570290624482,0.028894846589216563
18,17,2878.0,446418.0,6714.0,0.006446872661944635,0.42865653857610964
18,18,427685.0,446418.0,6714.0,0.9580370863182041,
18,19,9.0,446418.0,6714.0,2.0160477400104834e-05,0.0013404825737265416
18,20,18.0,446418.0,6714.0,4.032095480020967e-05,0.002680965147453083
18,21,130.0,446418.0,6714.0,0.00029120689577929207,0.019362526064938934
18,22,32.0,446418.0,6714.0,7.168169742259497e-05,0.004766160262138814
18,23,219.0,446418.0,6714.0,0.0004905716167358843,0.03261840929401251
18,24,22.0,446418.0,6714.0,4.928116697803404e-05,0.0032767351802204347
18,25,531.0,446418.0,6714.0,0.0011894681666061852,0.07908847184986595
18,26,1405.0,446418.0,6714.0,0.00314727452746081,0.20926422400953232
18,27,640.0,446418.0,6714.0,0.0014336339484518994,0.0953232052427763
18,28,85.0,446418.0,6714.0,0.00019040450877876787,0.012660113196306225
18,29,14.0,446418.0,6714.0,3.1360742622385296e-05,0.002085195114685731
18,30,7.0,446418.0,6714.0,1.5680371311192648e-05,0.0010425975573428656
18,31,3.0,446418.0,6714.0,6.720159133368278e-06,0.00044682752457551384
18,32,8.0,446418.0,6714.0,1.7920424355648742e-05,0.0011915400655347036
18,33,9.0,446418.0,6714.0,2.0160477400104834e-05,0.0013404825737265416
18,34,16.0,446418.0,6714.0,3.5840848711297485e-05,0.002383080131069407
18,35,4.0,446418.0,6714.0,8.960212177824371e-06,0.0005957700327673518
18,36,3.0,446418.0,6714.0,6.720159133368278e-06,0.00044682752457551384
18,37,0.0,446418.0,6714.0,0.0,0.0
18,38,6.0,446418.0,6714.0,1.3440318266736557e-05,0.0008936550491510277
18,39,3.0,446418.0,6714.0,6.720159133368278e-06,0.00044682752457551384
18,40,11.0,446418.0,6714.0,2.464058348901702e-05,0.0016383675901102174
18,41,1.0,446418.0,6714.0,2.240053044456093e-06,0.00014894250819183795
18,42,3.0,446418.0,6714.0,6.720159133368278e-06,0.00044682752457551384
18,43,2.0,446418.0,6714.0,4.480106088912186e-06,0.0002978850163836759
18,44,4.0,446418.0,6714.0,8.960212177824371e-06,0.0005957700327673518
18,45,5.0,446418.0,6714.0,1.1200265222280464e-05,0.0007447125409591898
18,46,2.0,446418.0,6714.0,4.480106088912186e-06,0.0002978850163836759
18,47,9.0,446418.0,6714.0,2.0160477400104834e-05,0.0013404825737265416
18,99,12019.0,446418.0,6714.0,0.026923197541317778,
21,01,27.0,1103907.0,117904.0,2.445858210881895e-05,0.0002289998642963767
21,02,5.0,1103907.0,117904.0,4.529367057188694e-06,4.2407382277106795e-05
21,03,5.0,1103907.0,117904.0,4.529367057188694e-06,4.2407382277106795e-05
21,04,16.0,1103907.0,117904.0,1.4493974583003822e-05,0.00013570362328674176
21,05,4.0,1103907.0,117904.0,3.6234936457509555e-06,3.392590582168544e-05
21,06,4.0,1103907.0,117904.0,3.6234936457509555e-06,3.392590582168544e-05
21,07,14.0,1103907.0,117904.0,1.2682227760128343e-05,0.00011874067037589903
21,08,16.0,1103907.0,117904.0,1.4493974583003822e-05,0.00013570362328674176
21,09,20.0,1103907.0,117904.0,1.8117468228754776e-05,0.00016962952910842718
21,10,18.0,1103907.0,117904.0,1.63057214058793e-05,0.00015266657619758447
21,11,49.0,1103907.0,117904.0,4.43877971604492e-05,0.0004155923463156466
21,12,53.0,1103907.0,117904.0,4.801129080620016e-05,0.00044951825213733205
21,13,672.0,1103907.0,117904.0,0.0006087469324861605,0.005699552178043154
21,14,151.0,1103907.0,117904.0,0.00013678688512709856,0.0012807029447686254
21,15,17.0,1103907.0,117904.0,1.5399847994441562e-05,0.0001441850997421631
21,16,298.0,1103907.0,117904.0,0.0002699502766084462,0.002527479983715565
21,17,198.0,1103907.0,117904.0,0.0001793629354646723,0.0016793323381734293
21,18,261.0,1103907.0,117904.0,0.00023643296038524986,0.0022136653548649747
21,19,26.0,1103907.0,117904.0,2.355270869738121e-05,0.00022051838784095535
21,20,895.0,1103907.0,117904.0,0.0008107567032367763,0.007590921427602117
21,21,949736.0,1103907.0,117904.0,0.8603405902852324,
21,22,280.0,1103907.0,117904.0,0.0002536445552025669,0.0023748134075179807
21,23,108880.0,1103907.0,117904.0,0.098631497037341,0.9234631564662776
21,24,3518.0,1103907.0,117904.0,0.0031868626614379655,0.029837834170172342
21,25,1476.0,1103907.0,117904.0,0.0013370691552821025,0.012518659248201927
21,26,300.0,1103907.0,117904.0,0.00027176202343132165,0.002544442936626408
21,27,379.0,1103907.0,117904.0,0.000343326022934903,0.0032144795766046955
21,28,119.0,1103907.0,117904.0,0.00010779893596109093,0.0010092956981951418
21,29,27.0,1103907.0,117904.0,2.445858210881895e-05,0.0002289998642963767
21,30,18.0,1103907.0,117904.0,1.63057214058793e-05,0.00015266657619758447
21,31,9.0,1103907.0,117904.0,8.15286070293965e-06,7.633328809879223e-05
21,32,1.0,1103907.0,117904.0,9.058734114377389e-07,8.48147645542136e-06
21,33,12.0,1103907.0,117904.0,1.0870480937252867e-05,0.00010177771746505632
21,34,28.0,1103907.0,117904.0,2.5364455520256687e-05,0.00023748134075179806
21,35,8.0,1103907.0,117904.0,7.246987291501911e-06,6.785181164337088e-05
21,36,4.0,1103907.0,117904.0,3.6234936457509555e-06,3.392590582168544e-05
21,37,6.0,1103907.0,117904.0,5.435240468626433e-06,5.088885873252816e-05
21,38,6.0,1103907.0,117904.0,5.435240468626433e-06,5.088885873252816e-05
21,39,7.0,1103907.0,117904.0,6.341113880064172e-06,5.9370335187949515e-05
21,40,29.0,1103907.0,117904.0,2.6270328931694427e-05,0.00024596281720721944
21,41,2.0,1103907.0,117904.0,1.8117468228754778e-06,1.696295291084272e-05
21,42,5.0,1103907.0,117904.0,4.529367057188694e-06,4.2407382277106795e-05
21,43,6.0,1103907.0,117904.0,5.435240468626433e-06,5.088885873252816e-05
21,44,8.0,1103907.0,117904.0,7.246987291501911e-06,6.785181164337088e-05
21,45,10.0,1103907.0,117904.0,9.058734114377388e-06,8.481476455421359e-05
21,46,5.0,1103907.0,117904.0,4.529367057188694e-06,4.2407382277106795e-05
21,47,12.0,1103907.0,117904.0,1.0870480937252867e-05,0.00010177771746505632
21,99,36267.0,1103907.0,117904.0,0.03285331101261248,
24,01,28.0,969592.0,55830.0,2.8878126057145686e-05,0.0005015224789539674
24,02,2.0,969592.0,55830.0,2.0627232897961206e-06,3.5823034210997674e-05
24,03,22.0,969592.0,55830.0,2.2689956187757325e-05,0.0003940533763209744
24,04,38.0,969592.0,55830.0,3.919174250612629e-05,0.0006806376500089557
24,05,5.0,969592.0,55830.0,5.156808224490301e-06,8.955758552749418e-05
24,06,4.0,969592.0,55830.0,4.125446579592241e-06,7.164606842199535e-05
24,07,20.0,969592.0,55830.0,2.0627232897961205e-05,0.0003582303421099767
24,08,36.0,969592.0,55830.0,3.712901921633017e-05,0.000644814615797958
24,09,32.0,969592.0,55830.0,3.300357263673793e-05,0.0005731685473759628
24,10,13.0,969592.0,55830.0,1.3407701383674783e-05,0.00023284972237148487
24,11,64.0,969592.0,55830.0,6.600714527347586e-05,0.0011463370947519256
24,12,56.0,969592.0,55830.0,5.775625211429137e-05,0.0010030449579079349
24,13,552.0,969592.0,55830.0,0.0005693116279837292,0.009887157442235357
24,14,148.0,969592.0,55830.0,0.00015264152344491292,0.0026509045316138275
24,15,14.0,969592.0,55830.0,1.4439063028572843e-05,0.0002507612394769837
24,16,15.0,969592.0,55830.0,1.5470424673470905e-05,0.00026867275658248256
24,17,52.0,969592.0,55830.0,5.363080553469913e-05,0.0009313988894859395
24,18,58.0,969592.0,55830.0,5.981897540408749e-05,0.0010388679921189325
24,19,11.0,969592.0,55830.0,1.1344978093878663e-05,0.0001970266881604872
24,20,41.0,969592.0,55830.0,4.228582744082047e-05,0.0007343722013254522
24,21,1479.0,969592.0,55830.0,0.001525383872804231,0.026491133799032777
24,22,211.0,969592.0,55830.0,0.0002176173070734907,0.0037793301092602545
24,23,39524.0,969592.0,55830.0,0.04076353765295093,0.707934802077736
24,24,867058.0,969592.0,55830.0,0.8942503651020223,
24,25,1617.0,969592.0,55830.0,0.0016677117798001634,0.028962923159591616
24,26,952.0,969592.0,55830.0,0.0009818562859429533,0.017051764284434893
24,27,4977.0,969592.0,55830.0,0.005133086906657646,0.08914562063406771
24,28,276.0,969592.0,55830.0,0.0002846558139918646,0.004943578721117678
24,29,2951.0,969592.0,55830.0,0.0030435482140941756,0.052856886978327064
24,30,2329.0,969592.0,55830.0,0.0024020412709675823,0.04171592333870679
24,31,8.0,969592.0,55830.0,8.250893159184482e-06,0.0001432921368439907
24,32,4.0,969592.0,55830.0,4.125446579592241e-06,7.164606842199535e-05
24,33,55.0,969592.0,55830.0,5.672489046939331e-05,0.000985133440802436
24,34,61.0,969592.0,55830.0,6.291306033878167e-05,0.001092602543435429
24,35,19.0,969592.0,55830.0,1.9595871253063145e-05,0.00034031882500447786
24,36,15.0,969592.0,55830.0,1.5470424673470905e-05,0.00026867275658248256
24,37,13.0,969592.0,55830.0,1.3407701383674783e-05,0.00023284972237148487
24,38,23.0,969592.0,55830.0,2.3721317832655385e-05,0.0004119648934264732
24,39,6.0,969592.0,55830.0,6.188169869388361e-06,0.00010746910263299302
24,40,32.0,969592.0,55830.0,3.300357263673793e-05,0.0005731685473759628
24,41,4.0,969592.0,55830.0,4.125446579592241e-06,7.164606842199535e-05
24,42,9.0,969592.0,55830.0,9.282254804082543e-06,0.0001612036539494895
24,43,12.0,969592.0,55830.0,1.2376339738776723e-05,0.00021493820526598603
24,44,15.0,969592.0,55830.0,1.5470424673470905e-05,0.00026867275658248256
24,45,6.0,969592.0,55830.0,6.188169869388361e-06,0.00010746910263299302
24,46,9.0,969592.0,55830.0,9.282254804082543e-06,0.0001612036539494895
24,47,12.0,969592.0,55830.0,1.2376339738776723e-05,0.00021493820526598603
24,99,46704.0,969592.0,55830.0,0.04816871426331901,
25,01,15.0,791323.0,86976.0,1.895559714553981e-05,0.00017246136865342165
25,02,5.0,791323.0,86976.0,6.318532381846604e-06,5.748712288447388e-05
25,03,2.0,791323.0,86976.0,2.5274129527386416e-06,2.299484915378955e-05
25,04,15.0,791323.0,86976.0,1.895559714553981e-05,0.00017246136865342165
25,05,3.0,791323.0,86976.0,3.791119429107962e-06,3.449227373068433e-05
25,06,12.0,791323.0,86976.0,1.5164477716431848e-05,0.0001379690949227373
25,07,16.0,791323.0,86976.0,2.0219303621909133e-05,0.0001839587932303164
25,08,20.0,791323.0,86976.0,2.5274129527386415e-05,0.0002299484915378955
25,09,14.0,791323.0,86976.0,1.769189066917049e-05,0.00016096394407652686
25,10,14.0,791323.0,86976.0,1.769189066917049e-05,0.00016096394407652686
25,11,33.0,791323.0,86976.0,4.1702313720187586e-05,0.0003794150110375276
25,12,35.0,791323.0,86976.0,4.4229726672926225e-05,0.00040240986019131716
25,13,448.0,791323.0,86976.0,0.0005661405014134557,0.0051508462104488595
25,14,109.0,791323.0,86976.0,0.00013774400592425596,0.0012532192788815306
25,15,11.0,791323.0,86976.0,1.3900771240062529e-05,0.00012647167034584254
25,16,27.0,791323.0,86976.0,3.412007486197166e-05,0.00031043046357615895
25,17,77.0,791323.0,86976.0,9.73053986804377e-05,0.0008853016924208978
25,18,973.0,791323.0,86976.0,0.001229586401507349,0.011186994113318617
25,19,7.0,791323.0,86976.0,8.845945334585245e-06,8.048197203826343e-05
25,20,41.0,791323.0,86976.0,5.181196553114215e-05,0.0004713944076526858
25,21,1695.0,791323.0,86976.0,0.0021419824774459987,0.019488134657836644
25,22,65.0,791323.0,86976.0,8.214092096400585e-05,0.0007473325974981604
25,23,1540.0,791323.0,86976.0,0.001946107973608754,0.017706033848417953
25,24,1598.0,791323.0,86976.0,0.0020194029492381746,0.018372884473877853
25,25,668014.0,791323.0,86976.0,0.8441736181053754,
25,26,56979.0,791323.0,86976.0,0.07200473131704753,0.6551117549668874
25,27,20451.0,791323.0,86976.0,0.02584406114822898,0.23513383002207505
25,28,1835.0,791323.0,86976.0,0.0023189013841377034,0.021097774098601915
25,29,548.0,791323.0,86976.0,0.0006925111490503877,0.006300588668138337
25,30,70.0,791323.0,86976.0,8.845945334585245e-05,0.0008048197203826343
25,31,9.0,791323.0,86976.0,1.1373358287323886e-05,0.00010347682119205298
25,32,7.0,791323.0,86976.0,8.845945334585245e-06,8.048197203826343e-05
25,33,74.0,791323.0,86976.0,9.351427925132974e-05,0.0008508094186902134
25,34,47.0,791323.0,86976.0,5.939420438935807e-05,0.0005403789551140545
25,35,16.0,791323.0,86976.0,2.0219303621909133e-05,0.0001839587932303164
25,36,16.0,791323.0,86976.0,2.0219303621909133e-05,0.0001839587932303164
25,37,23.0,791323.0,86976.0,2.9065248956494377e-05,0.00026444076526857985
25,38,24.0,791323.0,86976.0,3.0328955432863696e-05,0.0002759381898454746
25,39,11.0,791323.0,86976.0,1.3900771240062529e-05,0.00012647167034584254
25,40,37.0,791323.0,86976.0,4.675713962566487e-05,0.0004254047093451067
25,41,3.0,791323.0,86976.0,3.791119429107962e-06,3.449227373068433e-05
25,42,6.0,791323.0,86976.0,7.582238858215924e-06,6.898454746136865e-05
25,43,9.0,791323.0,86976.0,1.1373358287323886e-05,0.00010347682119205298
25,44,8.0,791323.0,86976.0,1.0109651810954567e-05,9.19793966151582e-05
25,45,9.0,791323.0,86976.0,1.1373358287323886e-05,0.00010347682119205298
25,46,11.0,791323.0,86976.0,1.3900771240062529e-05,0.00012647167034584254
25,47,8.0,791323.0,86976.0,1.0109651810954567e-05,9.19793966151582e-05
25,99,36333.0,791323.0,86976.0,0.045914247405926534,
26,01,48.0,1266101.0,145431.0,3.7911667394623334e-05,0.00033005342739856014
26,02,13.0,1266101.0,145431.0,1.0267743252710487e-05,8.938946992044337e-05
26,03,9.0,1266101.0,145431.0,7.1084376364918756e-06,6.188501763723002e-05
26,04,32.0,1266101.0,145431.0,2.527444492974889e-05,0.00022003561826570677
26,05,5.0,1266101.0,145431.0,3.949132020273264e-06,3.438056535401668e-05
26,06,8.0,1266101.0,145431.0,6.318611232437222e-06,5.500890456642669e-05
26,07,18.0,1266101.0,145431.0,1.4216875272983751e-05,0.00012377003527446005
26,08,42.0,1266101.0,145431.0,3.317270897029542e-05,0.00028879674897374014
26,09,14.0,1266101.0,145431.0,1.105756965676514e-05,9.626558299124671e-05
26,10,28.0,1266101.0,145431.0,2.211513931353028e-05,0.00019253116598249342
26,11,63.0,1266101.0,145431.0,4.9759063455443126e-05,0.0004331951234606102
26,12,71.0,1266101.0,145431.0,5.607767468788035e-05,0.00048820402802703686
26,13,1071.0,1266101.0,145431.0,0.0008459040787425332,0.007364317098830373
26,14,180.0,1266101.0,145431.0,0.0001421687527298375,0.0012377003527446005
26,15,28.0,1266101.0,145431.0,2.211513931353028e-05,0.00019253116598249342
26,16,48.0,1266101.0,145431.0,3.7911667394623334e-05,0.00033005342739856014
26,17,104.0,1266101.0,145431.0,8.21419460216839e-05,0.000715115759363547
26,18,2009.0,1266101.0,145431.0,0.0015867612457457975,0.013814111159243903
26,19,14.0,1266101.0,145431.0,1.105756965676514e-05,9.626558299124671e-05
26,20,42.0,1266101.0,145431.0,3.317270897029542e-05,0.00028879674897374014
26,21,135.0,1266101.0,145431.0,0.00010662656454737813,0.0009282752645584504
26,22,115.0,1266101.0,145431.0,9.083003646628508e-05,0.0007907530031423836
26,23,878.0,1266101.0,145431.0,0.0006934675827599851,0.006037227276165329
26,24,989.0,1266101.0,145431.0,0.0007811383136100517,0.0068004758270244995
26,25,22487.0,1266101.0,145431.0,0.017760826347976977,0.15462315462315462
26,26,1037260.0,1266101.0,145431.0,0.8192553358697292,
26,27,89444.0,1266101.0,145431.0,0.07064523288426437,0.6150270575049336
26,28,9593.0,1266101.0,145431.0,0.007576804694096284,0.06596255268821641
26,29,16943.0,1266101.0,145431.0,0.013382028763897982,0.11650198375862093
26,30,232.0,1266101.0,145431.0,0.00018323972574067947,0.001595258232426374
26,31,45.0,1266101.0,145431.0,3.5542188182459374e-05,0.0003094250881861501
26,32,23.0,1266101.0,145431.0,1.8166007293257014e-05,0.00015815060062847675
26,33,152.0,1266101.0,145431.0,0.00012005361341630723,0.0010451691867621072
26,34,125.0,1266101.0,145431.0,9.87283005068316e-05,0.000859514133850417
26,35,45.0,1266101.0,145431.0,3.5542188182459374e-05,0.0003094250881861501
26,36,45.0,1266101.0,145431.0,3.5542188182459374e-05,0.0003094250881861501
26,37,47.0,1266101.0,145431.0,3.712184099056868e-05,0.0003231773143277568
26,38,38.0,1266101.0,145431.0,3.001340335407681e-05,0.0002612922966905268
26,39,31.0,1266101.0,145431.0,2.4484618525694236e-05,0.00021315950519490342
26,40,99.0,1266101.0,145431.0,7.819281400141063e-05,0.0006807351940095302
26,41,10.0,1266101.0,145431.0,7.898264040546529e-06,6.876113070803336e-05
26,42,18.0,1266101.0,145431.0,1.4216875272983751e-05,0.00012377003527446005
26,43,29.0,1266101.0,145431.0,2.2904965717584933e-05,0.00019940727905329674
26,44,17.0,1266101.0,145431.0,1.3427048868929098e-05,0.00011689392220365672
26,45,13.0,1266101.0,145431.0,1.0267743252710487e-05,8.938946992044337e-05
26,46,9.0,1266101.0,145431.0,7.1084376364918756e-06,6.188501763723002e-05
26,47,22.0,1266101.0,145431.0,1.737618088920236e-05,0.0001512744875576734
26,99,83410.0,1266101.0,145431.0,0.0658794203621986,
27,01,184.0,4306368.0,257987.0,4.272742134439045e-05,0.0007132142317248544
27,02,31.0,4306368.0,257987.0,7.1986416395440424e-06,0.00012016109338842655
27,03,25.0,4306368.0,257987.0,5.805356160922615e-06,9.690410757131173e-05
27,04,116.0,4306368.0,257987.0,2.6936852586680933e-05,0.0004496350591308864
27,05,30.0,4306368.0,257987.0,6.966427393107138e-06,0.00011628492908557407
27,06,17.0,4306368.0,257987.0,3.947642189427378e-06,6.589479314849198e-05
27,07,83.0,4306368.0,257987.0,1.927378245426308e-05,0.00032172163713675494
27,08,126.0,4306368.0,257987.0,2.925899505104998e-05,0.0004883967021594111
27,09,106.0,4306368.0,257987.0,2.4614710122311887e-05,0.00041087341610236174
27,10,62.0,4306368.0,257987.0,1.4397283279088085e-05,0.0002403221867768531
27,11,261.0,4306368.0,257987.0,6.06079183200321e-05,0.0010116788830444945
27,12,307.0,4306368.0,257987.0,7.128977365612971e-05,0.001189982440975708
27,13,3957.0,4306368.0,257987.0,0.0009188717731508315,0.015337982146387222
27,14,649.0,4306368.0,257987.0,0.00015070704593755108,0.0025156306325512527
27,15,75.0,4306368.0,257987.0,1.7416068482767844e-05,0.0002907123227139352
27,16,99.0,4306368.0,257987.0,2.2989210397253557e-05,0.00038374026598239446
27,17,188.0,4306368.0,257987.0,4.365627833013807e-05,0.0007287188889362643
27,18,455.0,4306368.0,257987.0,0.0001056574821287916,0.0017636547577978736
27,19,36.0,4306368.0,257987.0,8.359712871728566e-06,0.0001395419149026889
27,20,123.0,4306368.0,257987.0,2.8562352311739266e-05,0.0004767682092508537
27,21,248.0,4306368.0,257987.0,5.758913311635234e-05,0.0009612887471074124
27,22,290.0,4306368.0,257987.0,6.734213146670233e-05,0.001124087647827216
27,23,1917.0,4306368.0,257987.0,0.0004451547104195461,0.007430606968568183
27,24,1268.0,4306368.0,257987.0,0.000294447664481995,0.004914976336016931
27,25,10663.0,4306368.0,257987.0,0.0024761005097567136,0.04133153996131588
27,26,86787.0,4306368.0,257987.0,0.02015317780551964,0.33640067135165724
27,27,3721947.0,4306368.0,257987.0,0.8642891178830978,
27,28,106051.0,4306368.0,257987.0,0.02462655304888017,0.41107110048180723
27,29,27627.0,4306368.0,257987.0,0.006415382986312363,0.10708679119490518
27,30,12974.0,4306368.0,257987.0,0.0030127476332724003,0.05028935566520794
27,31,116.0,4306368.0,257987.0,2.6936852586680933e-05,0.0004496350591308864
27,32,113.0,4306368.0,257987.0,2.624020984737022e-05,0.000438006566222329
27,33,618.0,4306368.0,257987.0,0.00014350840429800706,0.002395469539162826
27,34,550.0,4306368.0,257987.0,0.00012771783554029752,0.002131890366568858
27,35,183.0,4306368.0,257987.0,4.2495207097953545e-05,0.0007093380674220019
27,36,183.0,4306368.0,257987.0,4.2495207097953545e-05,0.0007093380674220019
27,37,199.0,4306368.0,257987.0,4.621063504094402e-05,0.0007713566962676414
27,38,188.0,4306368.0,257987.0,4.365627833013807e-05,0.0007287188889362643
27,39,176.0,4306368.0,257987.0,4.086970737289521e-05,0.0006822049173020346
27,40,416.0,4306368.0,257987.0,9.660112651775232e-05,0.0016124843499866273
27,41,33.0,4306368.0,257987.0,7.663070132417852e-06,0.00012791342199413149
27,42,58.0,4306368.0,257987.0,1.3468426293340467e-05,0.0002248175295654432
27,43,86.0,4306368.0,257987.0,1.9970425193573794e-05,0.00033335013004531235
27,44,68.0,4306368.0,257987.0,1.579056875770951e-05,0.00026357917259396793
27,45,57.0,4306368.0,257987.0,1.3236212046903562e-05,0.00022094136526259076
27,46,80.0,4306368.0,257987.0,1.8577139714952368e-05,0.00031009314422819753
27,47,108.0,4306368.0,257987.0,2.5079138615185697e-05,0.0004186257447080667
27,99,326434.0,4306368.0,257987.0,0.07580262532138451,
28,01,110.0,2814772.0,348387.0,3.907954178881984e-05,0.0003157408284465264
28,02,26.0,2814772.0,348387.0,9.236982604630145e-06,7.462965036008807e-05
28,03,26.0,2814772.0,348387.0,9.236982604630145e-06,7.462965036008807e-05
28,04,72.0,2814772.0,348387.0,2.5579336443591167e-05,0.00020666672407409
28,05,15.0,2814772.0,348387.0,5.32902842574816e-06,4.305556751543542e-05
28,06,14.0,2814772.0,348387.0,4.973759864031616e-06,4.0185196347739726e-05
28,07,80.0,2814772.0,348387.0,2.842148493732352e-05,0.0002296296934156556
28,08,91.0,2814772.0,348387.0,3.23294391162055e-05,0.0002612037762603082
28,09,29.0,2814772.0,348387.0,1.0302788289779776e-05,8.324076386317514e-05
28,10,43.0,2814772.0,348387.0,1.527654815381139e-05,0.00012342596021091488
28,11,134.0,2814772.0,348387.0,4.7605987270016894e-05,0.0003846297364712231
28,12,212.0,2814772.0,348387.0,7.531693508390733e-05,0.0006085186875514873
28,13,2686.0,2814772.0,348387.0,0.0009542513567706372,0.007709816956430636
28,14,454.0,2814772.0,348387.0,0.000161291927019311,0.0013031485101338454
28,15,39.0,2814772.0,348387.0,1.3855473906945217e-05,0.00011194447554013209
28,16,53.0,2814772.0,348387.0,1.8829233770976832e-05,0.00015212967188787182
28,17,101.0,2814772.0,348387.0,3.5882124733370943e-05,0.0002899074879372652
28,18,339.0,2814772.0,348387.0,0.00012043604242190842,0.0009730558258488405
28,19,24.0,2814772.0,348387.0,8.526445481197056e-06,6.888890802469667e-05
28,20,83.0,2814772.0,348387.0,2.9487290622473153e-05,0.00023824080691874268
28,21,129.0,2814772.0,348387.0,4.5829644461434174e-05,0.00037027788063274464
28,22,156.0,2814772.0,348387.0,5.5421895627780866e-05,0.00044777790216052836
28,23,948.0,2814772.0,348387.0,0.00033679459650728374,0.0027211118669755187
28,24,365.0,2814772.0,348387.0,0.00012967302502653856,0.0010476854762089286
28,25,2428.0,2814772.0,348387.0,0.0008625920678477689,0.006969261195165147
28,26,18709.0,2814772.0,348387.0,0.006646719521154822,0.053701774176418755
28,27,309704.0,2814772.0,348387.0,0.11002809463786055,0.8889654321200274
28,28,2322719.0,2814772.0,348387.0,0.8251890384016893,
28,29,2116.0,2814772.0,348387.0,0.0007517482765922071,0.00607370539084409
28,30,695.0,2814772.0,348387.0,0.0002469116503929981,0.0019949079615485077
28,31,1044.0,2814772.0,348387.0,0.00037090037843207194,0.0029966674990743055
28,32,80.0,2814772.0,348387.0,2.842148493732352e-05,0.0002296296934156556
28,33,4731.0,2814772.0,348387.0,0.0016807755654809696,0.013579725994368332
28,34,637.0,2814772.0,348387.0,0.00022630607381343853,0.0018284264338221576
28,35,134.0,2814772.0,348387.0,4.7605987270016894e-05,0.0003846297364712231
28,36,692.0,2814772.0,348387.0,0.00024584584470784844,0.0019862968480454206
28,37,280.0,2814772.0,348387.0,9.947519728063232e-05,0.0008037039269547945
28,38,143.0,2814772.0,348387.0,5.080340432546579e-05,0.00041046307698048434
28,39,116.0,2814772.0,348387.0,4.1211153159119104e-05,0.00033296305545270057
28,40,291.0,2814772.0,348387.0,0.0001033831514595143,0.0008352780097994471
28,41,46.0,2814772.0,348387.0,1.6342353838961024e-05,0.00013203707371400197
28,42,47.0,2814772.0,348387.0,1.669762240067757e-05,0.00013490744488169764
28,43,57.0,2814772.0,348387.0,2.0250308017843007e-05,0.0001636111565586546
28,44,42.0,2814772.0,348387.0,1.4921279592094848e-05,0.00012055558904321918
28,45,26.0,2814772.0,348387.0,9.236982604630145e-06,7.462965036008807e-05
28,46,65.0,2814772.0,348387.0,2.309245651157536e-05,0.00018657412590022016
28,47,75.0,2814772.0,348387.0,2.66451421287408e-05,0.0002152778375771771
28,99,143666.0,2814772.0,348387.0,0.05104001318756901,
29,01,29.0,676787.0,171912.0,4.284952281884847e-05,0.00016869095816464237
29,02,4.0,676787.0,171912.0,5.9102790094963405e-06,2.326771836753688e-05
29,03,6.0,676787.0,171912.0,8.865418514244511e-06,3.490157755130532e-05
29,04,21.0,676787.0,171912.0,3.102896479985579e-05,0.00012215552142956862
29,05,4.0,676787.0,171912.0,5.9102790094963405e-06,2.326771836753688e-05
29,06,5.0,676787.0,171912.0,7.387848761870426e-06,2.90846479594211e-05
29,07,15.0,676787.0,171912.0,2.2163546285611278e-05,8.72539438782633e-05
29,08,19.0,676787.0,171912.0,2.8073825295107618e-05,0.00011052166224580017
29,09,11.0,676787.0,171912.0,1.625326727611494e-05,6.398622551072642e-05
29,10,12.0,676787.0,171912.0,1.7730837028489022e-05,6.980315510261064e-05
29,11,32.0,676787.0,171912.0,4.7282232075970724e-05,0.00018614174694029504
29,12,33.0,676787.0,171912.0,4.8759801828344815e-05,0.00019195867653217926
29,13,563.0,676787.0,171912.0,0.00083187177058661,0.0032749313602308157
29,14,88.0,676787.0,171912.0,0.0001300261382089195,0.0005118898040858114
29,15,13.0,676787.0,171912.0,1.9208406780863106e-05,7.562008469449486e-05
29,16,24.0,676787.0,171912.0,3.5461674056978045e-05,0.00013960631020522128
29,17,25.0,676787.0,171912.0,3.693924380935213e-05,0.0001454232397971055
29,18,58.0,676787.0,171912.0,8.569904563769694e-05,0.00033738191632928474
29,19,3.0,676787.0,171912.0,4.432709257122256e-06,1.745078877565266e-05
29,20,19.0,676787.0,171912.0,2.8073825295107618e-05,0.00011052166224580017
29,21,49.0,676787.0,171912.0,7.240091786633018e-05,0.0002850295500023268
29,22,38.0,676787.0,171912.0,5.6147650590215235e-05,0.00022104332449160034
29,23,340.0,676787.0,171912.0,0.000502373715807189,0.0019777560612406347
29,24,4122.0,676787.0,171912.0,0.006090542519285979,0.023977383777746754
29,25,1520.0,676787.0,171912.0,0.0022459060236086096,0.008841732979664015
29,26,19774.0,676787.0,171912.0,0.02921746428344516,0.11502396574991856
29,27,137932.0,676787.0,171912.0,0.20380415108446231,0.8023407324677743
29,28,5120.0,676787.0,171912.0,0.0075651571321553165,0.029782679510447205
29,29,470424.0,676787.0,171912.0,0.6950842731908267,
29,30,1670.0,676787.0,171912.0,0.0024675414864647224,0.009714272418446647
29,31,10.0,676787.0,171912.0,1.4775697523740853e-05,5.81692959188422e-05
29,32,14.0,676787.0,171912.0,2.0685976533237194e-05,8.143701428637907e-05
29,33,65.0,676787.0,171912.0,9.604203390431554e-05,0.0003781004234724743
29,34,70.0,676787.0,171912.0,0.00010342988266618597,0.0004071850714318954
29,35,14.0,676787.0,171912.0,2.0685976533237194e-05,8.143701428637907e-05
29,36,30.0,676787.0,171912.0,4.4327092571222556e-05,0.0001745078877565266
29,37,30.0,676787.0,171912.0,4.4327092571222556e-05,0.0001745078877565266
29,38,20.0,676787.0,171912.0,2.9551395047481705e-05,0.0001163385918376844
29,39,8.0,676787.0,171912.0,1.1820558018992681e-05,4.653543673507376e-05
29,40,45.0,676787.0,171912.0,6.649063885683383e-05,0.0002617618316347899
29,41,3.0,676787.0,171912.0,4.432709257122256e-06,1.745078877565266e-05
29,42,6.0,676787.0,171912.0,8.865418514244511e-06,3.490157755130532e-05
29,43,8.0,676787.0,171912.0,1.1820558018992681e-05,4.653543673507376e-05
29,44,14.0,676787.0,171912.0,2.0685976533237194e-05,8.143701428637907e-05
29,45,6.0,676787.0,171912.0,8.865418514244511e-06,3.490157755130532e-05
29,46,9.0,676787.0,171912.0,1.3298127771366767e-05,5.235236632695798e-05
29,47,11.0,676787.0,171912.0,1.625326727611494e-05,6.398622551072642e-05
29,99,34451.0,676787.0,171912.0,0.05090375553903961,
30,01,12.0,465902.0,32592.0,2.5756489562182604e-05,0.0003681885125184094
30,02,2.0,465902.0,32592.0,4.292748260363767e-06,6.136475208640157e-05
30,03,4.0,465902.0,32592.0,8.585496520727535e-06,0.00012272950417280314
30,04,7.0,465902.0,32592.0,1.5024618911273186e-05,0.0002147766323024055
30,05,2.0,465902.0,32592.0,4.292748260363767e-06,6.136475208640157e-05
30,06,2.0,465902.0,32592.0,4.292748260363767e-06,6.136475208640157e-05
30,07,16.0,465902.0,32592.0,3.434198608291014e-05,0.0004909180166912126
30,08,13.0,465902.0,32592.0,2.790286369236449e-05,0.0003988708885616102
30,09,8.0,465902.0,32592.0,1.717099304145507e-05,0.0002454590083456063
30,10,4.0,465902.0,32592.0,8.585496520727535e-06,0.00012272950417280314
30,11,19.0,465902.0,32592.0,4.078110847345579e-05,0.0005829651448208149
30,12,26.0,465902.0,32592.0,5.580572738472898e-05,0.0007977417771232204
30,13,185.0,465902.0,32592.0,0.0003970792140836485,0.005676239567992145
30,14,41.0,465902.0,32592.0,8.800133933745724e-05,0.0012579774177712323
30,15,8.0,465902.0,32592.0,1.717099304145507e-05,0.0002454590083456063
30,16,3.0,465902.0,32592.0,6.439122390545651e-06,9.204712812960235e-05
30,17,10.0,465902.0,32592.0,2.1463741301818837e-05,0.00030682376043200785
30,18,36.0,465902.0,32592.0,7.726946868654782e-05,0.0011045655375552283
30,19,3.0,465902.0,32592.0,6.439122390545651e-06,9.204712812960235e-05
30,20,12.0,465902.0,32592.0,2.5756489562182604e-05,0.0003681885125184094
30,21,17.0,465902.0,32592.0,3.648836021309202e-05,0.0005216003927344133
30,22,24.0,465902.0,32592.0,5.151297912436521e-05,0.0007363770250368188
30,23,94.0,465902.0,32592.0,0.00020175916823709708,0.002884143348060874
30,24,1324.0,465902.0,32592.0,0.002841799348360814,0.04062346588119784
30,25,143.0,465902.0,32592.0,0.0003069315006160094,0.004387579774177712
30,26,567.0,465902.0,32592.0,0.001216994131813128,0.017396907216494846
30,27,25842.0,465902.0,32592.0,0.05546660027216024,0.7928939617083947
30,28,877.0,465902.0,32592.0,0.0018823701121695121,0.02690844378988709
30,29,3059.0,465902.0,32592.0,0.006565758464226383,0.0938573883161512
30,30,412864.0,465902.0,32592.0,0.8861606088834133,
30,31,10.0,465902.0,32592.0,2.1463741301818837e-05,0.00030682376043200785
30,32,8.0,465902.0,32592.0,1.717099304145507e-05,0.0002454590083456063
30,33,31.0,465902.0,32592.0,6.65375980356384e-05,0.0009511536573392243
30,34,24.0,465902.0,32592.0,5.151297912436521e-05,0.0007363770250368188
30,35,20.0,465902.0,32592.0,4.2927482603637673e-05,0.0006136475208640157
30,36,37.0,465902.0,32592.0,7.94158428167297e-05,0.0011352479135984291
30,37,14.0,465902.0,32592.0,3.004923782254637e-05,0.000429553264604811
30,38,18.0,465902.0,32592.0,3.863473434327391e-05,0.0005522827687776141
30,39,13.0,465902.0,32592.0,2.790286369236449e-05,0.0003988708885616102
30,40,17.0,465902.0,32592.0,3.648836021309202e-05,0.0005216003927344133
30,41,2.0,465902.0,32592.0,4.292748260363767e-06,6.136475208640157e-05
30,42,5.0,465902.0,32592.0,1.0731870650909418e-05,0.00015341188021600392
30,43,3.0,465902.0,32592.0,6.439122390545651e-06,9.204712812960235e-05
30,44,7.0,465902.0,32592.0,1.5024618911273186e-05,0.0002147766323024055
30,45,8.0,465902.0,32592.0,1.717099304145507e-05,0.0002454590083456063
30,46,12.0,465902.0,32592.0,2.5756489562182604e-05,0.0003681885125184094
30,47,3.0,465902.0,32592.0,6.439122390545651e-06,9.204712812960235e-05
30,99,20446.0,465902.0,32592.0,0.0438847654656988,
