origin_pref,origin,origin_name,largest_ext_dest_pref,largest_ext_dest_flow,total_ext_flow,share_ext_to_top_pref
18,18201,福井市,17,928.0,1765.0,0.5257790368271955
18,18202,敦賀市,25,205.0,688.0,0.29796511627906974
18,18204,小浜市,26,116.0,260.0,0.4461538461538462
18,18205,大野市,17,66.0,182.0,0.3626373626373626
18,18206,勝山市,17,68.0,116.0,0.5862068965517241
18,18207,鯖江市,17,147.0,337.0,0.4362017804154303
18,18208,あわら市,17,590.0,665.0,0.8872180451127819
18,18209,越前市,17,124.0,391.0,0.3171355498721228
18,18210,坂井市,17,716.0,1028.0,0.6964980544747081
18,18322,永平寺町,17,82.0,127.0,0.6456692913385826
18,18382,池田町,23,3.0,9.0,0.3333333333333333
18,18404,南越前町,17,15.0,43.0,0.3488372093023256
18,18423,越前町,17,26.0,80.0,0.325
18,18442,美浜町,26,13.0,48.0,0.2708333333333333
18,18481,高浜町,26,628.0,668.0,0.9401197604790419
18,18483,おおい町,26,118.0,150.0,0.7866666666666666
18,18501,若狭町,25,72.0,157.0,0.4585987261146497
21,21201,岐阜市,23,22345.0,23682.0,0.9435436196267207
21,21202,大垣市,23,6587.0,7720.0,0.8532383419689119
21,21203,高山市,23,165.0,318.0,0.5188679245283019
21,21204,多治見市,23,14269.0,14522.0,0.9825781572786118
21,21205,関市,23,2000.0,2148.0,0.931098696461825
21,21206,中津川市,23,1356.0,2030.0,0.6679802955665025
21,21207,美濃市,23,314.0,347.0,0.9048991354466859
21,21208,瑞浪市,23,2282.0,2346.0,0.9727195225916454
21,21209,羽島市,23,5957.0,6321.0,0.9424141749723145
21,21210,恵那市,23,1637.0,1749.0,0.9359634076615209
21,21211,美濃加茂市,23,2955.0,3064.0,0.964425587467363
21,21212,土岐市,23,4732.0,4809.0,0.9839883551673945
21,21213,各務原市,23,14097.0,14472.0,0.9740878938640133
21,21214,可児市,23,9463.0,9670.0,0.978593588417787
21,21215,山県市,23,544.0,600.0,0.9066666666666666
21,21216,瑞穂市,23,3306.0,3548.0,0.9317925591882751
21,21217,飛騨市,16,102.0,154.0,0.6623376623376623
21,21218,本巣市,23,972.0,1068.0,0.9101123595505618
21,21219,郡上市,23,215.0,275.0,0.7818181818181819
21,21220,下呂市,23,73.0,93.0,0.7849462365591398
21,21221,海津市,23,2643.0,4404.0,0.6001362397820164
21,21302,岐南町,23,2297.0,2371.0,0.9687895402783636
21,21303,笠松町,23,2230.0,2306.0,0.9670424978317432
21,21341,養老町,23,776.0,1064.0,0.7293233082706767
21,21361,垂井町,23,784.0,1074.0,0.7299813780260708
21,21362,関ケ原町,23,201.0,370.0,0.5432432432432432
21,21381,神戸町,23,614.0,689.0,0.8911465892597968
21,21382,輪之内町,23,412.0,497.0,0.8289738430583501
21,21383,安八町,23,671.0,745.0,0.9006711409395973
21,21401,揖斐川町,23,347.0,430.0,0.8069767441860465
21,21403,大野町,23,556.0,661.0,0.8411497730711044
21,21404,池田町,23,631.0,747.0,0.8447121820615796
21,21421,北方町,23,659.0,721.0,0.9140083217753121
21,21501,坂祝町,23,481.0,500.0,0.962
21,21502,富加町,23,191.0,195.0,0.9794871794871794
21,21503,川辺町,23,417.0,432.0,0.9652777777777778
21,21504,七宗町,23,69.0,74.0,0.9324324324324325
21,21505,八百津町,23,365.0,381.0,0.958005249343832
21,21506,白川町,23,74.0,81.0,0.9135802469135802
21,21507,東白川村,23,10.0,11.0,0.9090909090909091
21,21521,御嵩町,23,1146.0,1173.0,0.9769820971867008
21,21604,白川村,16,31.0,42.0,0.7380952380952381
24,24201,津市,23,3199.0,4252.0,0.7523518344308561
24,24202,四日市市,23,9614.0,10539.0,0.9122307619318721
24,24203,伊勢市,23,508.0,905.0,0.5613259668508287
24,24204,松阪市,23,1140.0,1673.0,0.6814106395696354
24,24205,桑名市,23,13379.0,14433.0,0.9269729093050648
24,24207,鈴鹿市,23,3400.0,3981.0,0.8540567696558654
24,24208,名張市,27,2860.0,5307.0,0.5389108724326361
24,24209,尾鷲市,23,34.0,92.0,0.3695652173913043
24,24210,亀山市,23,607.0,859.0,0.7066356228172294
24,24211,鳥羽市,23,36.0,61.0,0.5901639344262295
24,24212,熊野市,30,362.0,512.0,0.70703125
24,24214,いなべ市,23,1158.0,1355.0,0.8546125461254612
24,24215,志摩市,23,139.0,297.0,0.468013468013468
24,24216,伊賀市,25,916.0,2941.0,0.3114586875212513
24,24303,木曽岬町,23,1435.0,1462.0,0.981532147742818
24,24324,東員町,23,1459.0,1565.0,0.9322683706070287
24,24341,菰野町,23,886.0,1009.0,0.8780971258671952
24,24343,朝日町,23,939.0,993.0,0.945619335347432
24,24344,川越町,23,934.0,981.0,0.9520897043832823
24,24441,多気町,23,62.0,100.0,0.62
24,24442,明和町,23,131.0,200.0,0.655
24,24443,大台町,23,22.0,41.0,0.5365853658536586
24,24461,玉城町,23,66.0,113.0,0.584070796460177
24,24470,度会町,23,24.0,43.0,0.5581395348837209
24,24471,大紀町,23,17.0,30.0,0.5666666666666667
24,24472,南伊勢町,23,20.0,55.0,0.36363636363636365
24,24543,紀北町,23,29.0,77.0,0.37662337662337664
24,24561,御浜町,30,418.0,460.0,0.908695652173913
24,24562,紀宝町,30,1449.0,1494.0,0.9698795180722891
25,25201,大津市,26,31355.0,42904.0,0.7308176393809435
25,25202,彦根市,26,1576.0,2921.0,0.5395412529955494
25,25203,長浜市,26,854.0,2309.0,0.36985708098744047
25,25204,近江八幡市,26,1866.0,3025.0,0.6168595041322315
25,25206,草津市,26,7351.0,11349.0,0.6477222662789673
25,25207,守山市,26,3380.0,5332.0,0.6339084771192798
25,25208,栗東市,26,2719.0,4218.0,0.6446183025130393
25,25209,甲賀市,26,1303.0,2839.0,0.4589644240929905
25,25210,野洲市,26,1724.0,2853.0,0.6042762004907115
25,25211,湖南市,26,1008.0,1640.0,0.6146341463414634
25,25212,高島市,26,1189.0,1933.0,0.6151060527677186
25,25213,東近江市,26,1505.0,2528.0,0.5953322784810127
25,25214,米原市,21,723.0,1697.0,0.4260459634649381
25,25383,日野町,26,165.0,335.0,0.4925373134328358
25,25384,竜王町,26,206.0,349.0,0.5902578796561605
25,25425,愛荘町,26,223.0,366.0,0.6092896174863388
25,25441,豊郷町,26,72.0,122.0,0.5901639344262295
25,25442,甲良町,26,67.0,114.0,0.5877192982456141
25,25443,多賀町,26,73.0,142.0,0.5140845070422535
26,26101,京都市北区,27,2059.0,3357.0,0.6133452487339887
26,26102,京都市上京区,27,1874.0,3002.0,0.6242504996668887
26,26103,京都市左京区,27,3714.0,6058.0,0.6130736216573126
26,26104,京都市中京区,27,3573.0,5509.0,0.6485750589943728
26,26105,京都市東山区,27,957.0,1479.0,0.6470588235294118
26,26106,京都市下京区,27,3054.0,4889.0,0.6246676211904275
26,26107,京都市南区,27,3389.0,5364.0,0.6318046234153617
26,26108,京都市右京区,27,4653.0,6924.0,0.6720103986135182
26,26109,京都市伏見区,27,8753.0,12922.0,0.6773719238507971
26,26110,京都市山科区,25,4304.0,8220.0,0.5236009732360097
26,26111,京都市西京区,27,6020.0,7985.0,0.7539135879774578
26,26201,福知山市,28,1322.0,1665.0,0.793993993993994
26,26202,舞鶴市,18,1589.0,1924.0,0.8258835758835759
26,26203,綾部市,28,177.0,290.0,0.6103448275862069
26,26204,宇治市,27,5735.0,8943.0,0.6412836855641284
26,26205,宮津市,18,28.0,93.0,0.3010752688172043
26,26206,亀岡市,27,1759.0,2656.0,0.6622740963855421
26,26207,城陽市,27,2097.0,3444.0,0.6088850174216028
26,26208,向日市,27,3540.0,4694.0,0.7541542394546229
26,26209,長岡京市,27,6986.0,8988.0,0.7772585669781932
26,26210,八幡市,27,9140.0,10021.0,0.9120846222931843
26,26211,京田辺市,27,6786.0,8847.0,0.7670396744659207
26,26212,京丹後市,28,1190.0,1311.0,0.9077040427154843
26,26213,南丹市,27,267.0,501.0,0.5329341317365269
26,26214,木津川市,29,8631.0,14819.0,0.5824279641001417
26,26303,大山崎町,27,1882.0,2210.0,0.8515837104072398
26,26322,久御山町,27,427.0,597.0,0.7152428810720268
26,26343,井手町,27,197.0,363.0,0.5426997245179064
26,26344,宇治田原町,27,213.0,428.0,0.4976635514018692
26,26364,笠置町,29,76.0,147.0,0.5170068027210885
26,26365,和束町,29,153.0,261.0,0.5862068965517241
26,26366,精華町,27,3159.0,6743.0,0.46848583716446685
26,26367,南山城村,24,260.0,436.0,0.5963302752293578
26,26407,京丹波町,28,88.0,193.0,0.45595854922279794
26,26463,伊根町,13,1.0,2.0,0.5
26,26465,与謝野町,28,94.0,146.0,0.6438356164383562
27,27102,大阪市都島区,28,1538.0,2772.0,0.5548340548340548
27,27103,大阪市福島区,28,2508.0,3433.0,0.7305563646956015
27,27104,大阪市此花区,28,1522.0,2030.0,0.7497536945812808
27,27106,大阪市西区,28,1337.0,2271.0,0.5887274328489652
27,27107,大阪市港区,28,986.0,1648.0,0.5983009708737864
27,27108,大阪市大正区,28,685.0,1094.0,0.6261425959780622
27,27109,大阪市天王寺区,28,903.0,2407.0,0.3751557955961778
27,27111,大阪市浪速区,28,515.0,1030.0,0.5
27,27113,大阪市西淀川区,28,4672.0,5465.0,0.8548947849954255
27,27114,大阪市東淀川区,28,2643.0,4899.0,0.5394978567054501
27,27115,大阪市東成区,28,742.0,1650.0,0.4496969696969697
27,27116,大阪市生野区,28,802.0,1832.0,0.43777292576419213
27,27117,大阪市旭区,28,927.0,1873.0,0.49492792311799255
27,27118,大阪市城東区,28,1911.0,4135.0,0.4621523579201935
27,27119,大阪市阿倍野区,28,1245.0,2794.0,0.4455977093772369
27,27120,大阪市住吉区,28,1108.0,2308.0,0.4800693240901213
27,27121,大阪市東住吉区,28,979.0,2172.0,0.4507366482504604
27,27122,大阪市西成区,28,530.0,1006.0,0.5268389662027833
27,27123,大阪市淀川区,28,5403.0,7596.0,0.7112954186413902
27,27124,大阪市鶴見区,28,1052.0,2371.0,0.44369464361029104
27,27125,大阪市住之江区,28,941.0,1699.0,0.5538552089464391
27,27126,大阪市平野区,28,1179.0,2715.0,0.43425414364640885
27,27127,大阪市北区,28,2573.0,4502.0,0.5715237672145713
27,27128,大阪市中央区,28,1158.0,2601.0,0.44521337946943484
27,27141,堺市堺区,28,970.0,2361.0,0.41084286319356206
27,27142,堺市中区,28,557.0,1387.0,0.4015861571737563
27,27143,堺市東区,28,510.0,1268.0,0.4022082018927445
27,27144,堺市西区,28,833.0,2080.0,0.40048076923076925
27,27145,堺市南区,28,654.0,1781.0,0.36720943290286356
27,27146,堺市北区,28,1215.0,2813.0,0.4319232136509065
27,27147,堺市美原区,28,150.0,473.0,0.3171247357293869
27,27202,岸和田市,30,936.0,2451.0,0.3818849449204406
27,27203,豊中市,28,12639.0,17905.0,0.7058922088802011
27,27204,池田市,28,6245.0,7359.0,0.8486207365131132
27,27205,吹田市,28,7401.0,14529.0,0.5093950030972537
27,27206,泉大津市,28,390.0,1073.0,0.3634669151910531
27,27207,高槻市,26,14069.0,22347.0,0.6295699646484987
27,27208,貝塚市,30,568.0,1211.0,0.4690338563170933
27,27209,守口市,28,1361.0,3274.0,0.4156994502138057
27,27210,枚方市,26,18658.0,23918.0,0.7800819466510578
27,27211,茨木市,26,7712.0,14400.0,0.5355555555555556
27,27212,八尾市,29,2207.0,5338.0,0.41345073061071563
27,27213,泉佐野市,30,1375.0,2240.0,0.6138392857142857
27,27214,富田林市,29,624.0,1791.0,0.34840871021775544
27,27215,寝屋川市,26,3514.0,6359.0,0.5526026104733449
27,27216,河内長野市,30,516.0,1835.0,0.28119891008174386
27,27217,松原市,28,624.0,1693.0,0.3685764914353219
27,27218,大東市,28,1110.0,2883.0,0.3850156087408949
27,27219,和泉市,28,946.0,2698.0,0.3506300963676798
27,27220,箕面市,28,3646.0,5482.0,0.665085735133163
27,27221,柏原市,29,1188.0,1979.0,0.6003031834259727
27,27222,羽曳野市,29,850.0,1949.0,0.4361210877373012
27,27223,門真市,26,988.0,2308.0,0.42807625649913345
27,27224,摂津市,28,1199.0,2843.0,0.42173760112557157
27,27225,高石市,28,386.0,1005.0,0.38407960199004976
27,27226,藤井寺市,29,562.0,1268.0,0.443217665615142
27,27227,東大阪市,29,3887.0,9928.0,0.39151893634165996
27,27228,泉南市,30,1110.0,1510.0,0.7350993377483444
27,27229,四條畷市,29,1094.0,2447.0,0.44707805476093176
27,27230,交野市,26,2139.0,3411.0,0.6270888302550571
27,27231,大阪狭山市,28,297.0,848.0,0.35023584905660377
27,27232,阪南市,30,1345.0,1715.0,0.7842565597667639
27,27301,島本町,26,3268.0,4090.0,0.7990220048899755
27,27321,豊能町,28,1364.0,1639.0,0.8322147651006712
27,27322,能勢町,28,849.0,1033.0,0.8218780251694094
27,27341,忠岡町,28,71.0,201.0,0.35323383084577115
27,27361,熊取町,30,487.0,880.0,0.553409090909091
27,27362,田尻町,30,103.0,169.0,0.6094674556213018
27,27366,岬町,30,728.0,818.0,0.8899755501222494
27,27381,太子町,29,207.0,344.0,0.6017441860465116
27,27382,河南町,29,138.0,278.0,0.49640287769784175
27,27383,千早赤阪村,29,34.0,72.0,0.4722222222222222
28,28101,神戸市東灘区,27,19473.0,21692.0,0.8977042227549327
28,28102,神戸市灘区,27,8587.0,9539.0,0.9001991823042248
28,28105,神戸市兵庫区,27,3275.0,3644.0,0.8987376509330406
28,28106,神戸市長田区,27,2235.0,2485.0,0.8993963782696177
28,28107,神戸市須磨区,27,4841.0,5469.0,0.885170963613092
28,28108,神戸市垂水区,27,5934.0,6888.0,0.8614982578397212
28,28109,神戸市北区,27,7331.0,8392.0,0.8735700667302193
28,28110,神戸市中央区,27,6460.0,7302.0,0.8846891262667762
28,28111,神戸市西区,27,5508.0,6549.0,0.8410444342647733
28,28201,姫路市,27,4188.0,6609.0,0.6336813436223332
28,28202,尼崎市,27,57787.0,61289.0,0.9428608722609277
28,28203,明石市,27,7762.0,8954.0,0.8668751396024124
28,28204,西宮市,27,63526.0,68776.0,0.9236652320576946
28,28205,洲本市,27,101.0,256.0,0.39453125
28,28206,芦屋市,27,11533.0,12852.0,0.897370059134765
28,28207,伊丹市,27,21226.0,22639.0,0.9375855824020496
28,28208,相生市,33,176.0,336.0,0.5238095238095238
28,28209,豊岡市,26,826.0,1078.0,0.7662337662337663
28,28210,加古川市,27,3698.0,4626.0,0.7993947254647644
28,28212,赤穂市,33,1073.0,1306.0,0.821592649310873
28,28213,西脇市,27,155.0,270.0,0.5740740740740741
28,28214,宝塚市,27,30804.0,33119.0,0.9301005465140856
28,28215,三木市,27,751.0,950.0,0.7905263157894736
28,28216,高砂市,27,930.0,1210.0,0.768595041322314
28,28217,川西市,27,26481.0,27943.0,0.9476792040940486
28,28218,小野市,27,261.0,391.0,0.6675191815856778
28,28219,三田市,27,8226.0,8947.0,0.9194143288253046
28,28220,加西市,27,148.0,268.0,0.5522388059701493
28,28221,丹波篠山市,27,919.0,1403.0,0.6550249465431219
28,28222,養父市,26,158.0,235.0,0.6723404255319149
28,28223,丹波市,26,2123.0,2521.0,0.8421261404204681
28,28224,南あわじ市,36,156.0,333.0,0.46846846846846846
28,28225,朝来市,26,606.0,708.0,0.8559322033898306
28,28226,淡路市,27,188.0,312.0,0.6025641025641025
28,28227,宍粟市,27,64.0,172.0,0.37209302325581395
28,28228,加東市,27,264.0,383.0,0.6892950391644909
28,28229,たつの市,27,334.0,684.0,0.48830409356725146
28,28301,猪名川町,27,4439.0,4692.0,0.946078431372549
28,28365,多可町,27,60.0,112.0,0.5357142857142857
28,28381,稲美町,27,340.0,423.0,0.8037825059101655
28,28382,播磨町,27,450.0,571.0,0.7880910683012259
28,28442,市川町,27,47.0,73.0,0.6438356164383562
28,28443,福崎町,27,92.0,148.0,0.6216216216216216
28,28446,神河町,27,43.0,74.0,0.581081081081081
28,28464,太子町,27,210.0,372.0,0.5645161290322581
28,28481,上郡町,33,268.0,346.0,0.7745664739884393
28,28501,佐用町,33,238.0,297.0,0.8013468013468014
28,28585,香美町,31,38.0,104.0,0.36538461538461536
28,28586,新温泉町,31,612.0,645.0,0.9488372093023256
29,29201,奈良市,27,38939.0,54214.0,0.7182462094661896
29,29202,大和高田市,27,6212.0,6987.0,0.8890797194790325
29,29203,大和郡山市,27,7020.0,8972.0,0.782434239857334
29,29204,天理市,27,2394.0,3449.0,0.6941142360104378
29,29205,橿原市,27,9168.0,11177.0,0.8202558826160866
29,29206,桜井市,27,3333.0,4210.0,0.791686460807601
29,29207,五條市,27,1020.0,2004.0,0.5089820359281437
29,29208,御所市,27,1317.0,1540.0,0.8551948051948052
29,29209,生駒市,27,22141.0,25570.0,0.8658975361752054
29,29210,香芝市,27,12872.0,14098.0,0.913037310256774
29,29211,葛城市,27,3677.0,4091.0,0.8988022488389147
29,29212,宇陀市,27,1377.0,2303.0,0.5979157620495007
29,29322,山添村,24,426.0,489.0,0.8711656441717791
29,29342,平群町,27,2605.0,2939.0,0.8863559033684927
29,29343,三郷町,27,3774.0,4132.0,0.9133591481122942
29,29344,斑鳩町,27,3769.0,4215.0,0.8941874258600238
29,29345,安堵町,27,700.0,827.0,0.8464328899637243
29,29361,川西町,27,488.0,639.0,0.7636932707355243
29,29362,三宅町,27,393.0,490.0,0.8020408163265306
29,29363,田原本町,27,1879.0,2454.0,0.7656886715566422
29,29385,曽爾村,24,94.0,110.0,0.8545454545454545
29,29386,御杖村,24,114.0,130.0,0.8769230769230769
29,29401,高取町,27,318.0,398.0,0.7989949748743719
29,29402,明日香村,27,272.0,353.0,0.7705382436260623
29,29424,上牧町,27,2780.0,3097.0,0.8976428802066516
29,29425,王寺町,27,4434.0,4868.0,0.9108463434675431
29,29426,広陵町,27,3953.0,4521.0,0.8743640787436407
29,29427,河合町,27,2039.0,2303.0,0.8853669127225359
29,29441,吉野町,27,138.0,185.0,0.745945945945946
29,29442,大淀町,27,648.0,810.0,0.8
29,29443,下市町,27,154.0,201.0,0.7661691542288557
29,29444,黒滝村,26,5.0,13.0,0.38461538461538464
29,29446,天川村,24,3.0,8.0,0.375
29,29447,野迫川村,30,6.0,11.0,0.5454545454545454
29,29449,十津川村,30,27.0,38.0,0.7105263157894737
29,29450,下北山村,24,12.0,22.0,0.5454545454545454
29,29451,上北山村,27,3.0,7.0,0.42857142857142855
29,29452,川上村,27,7.0,11.0,0.6363636363636364
29,29453,東吉野村,27,16.0,26.0,0.6153846153846154
30,30201,和歌山市,27,10749.0,11936.0,0.9005529490616622
30,30202,海南市,27,761.0,874.0,0.8707093821510298
30,30203,橋本市,27,7418.0,10016.0,0.7406150159744409
30,30204,有田市,27,223.0,300.0,0.7433333333333333
30,30205,御坊市,27,115.0,184.0,0.625
30,30206,田辺市,27,125.0,351.0,0.3561253561253561
30,30207,新宮市,24,953.0,1070.0,0.8906542056074767
30,30208,紀の川市,27,1891.0,2165.0,0.8734411085450347
30,30209,岩出市,27,2957.0,3193.0,0.9260883181960539
30,30304,紀美野町,27,80.0,96.0,0.8333333333333334
30,30341,かつらぎ町,27,608.0,817.0,0.7441860465116279
30,30343,九度山町,27,254.0,316.0,0.8037974683544303
30,30344,高野町,27,38.0,80.0,0.475
30,30361,湯浅町,27,72.0,108.0,0.6666666666666666
30,30362,広川町,27,55.0,73.0,0.7534246575342466
30,30366,有田川町,27,147.0,203.0,0.7241379310344828
30,30381,美浜町,27,35.0,58.0,0.603448275862069
30,30382,日高町,27,37.0,52.0,0.7115384615384616
30,30383,由良町,27,21.0,29.0,0.7241379310344828
30,30390,印南町,27,22.0,42.0,0.5238095238095238
30,30391,みなべ町,27,43.0,69.0,0.6231884057971014
30,30392,日高川町,27,20.0,36.0,0.5555555555555556
30,30401,白浜町,27,35.0,63.0,0.5555555555555556
30,30404,上富田町,27,41.0,64.0,0.640625
30,30406,すさみ町,27,10.0,19.0,0.5263157894736842
30,30421,那智勝浦町,24,186.0,240.0,0.775
30,30422,太地町,24,28.0,39.0,0.717948717948718
30,30424,古座川町,27,3.0,7.0,0.42857142857142855
30,30427,北山村,24,18.0,29.0,0.6206896551724138
30,30428,串本町,24,29.0,63.0,0.4603174603174603
