prefecture_code,prefecture_name_ja,prefecture_name_en,government_office_name,latitude,longitude,source_feature_id,source_dataset,validation_status
01,北海道,Hokkaido,北海道庁,43.064278,141.346785,P02_003=12001,P02-06_01_GML.zip,single record per prefecture
02,青森県,Aomori,青森県庁,40.824338,140.740087,P02_003=12001,P02-06_02_GML.zip,single record per prefecture
03,岩手県,Iwate,岩手県庁,39.703647,141.152592,P02_003=12001,P02-06_03_GML.zip,single record per prefecture
04,宮城県,Miyagi,宮城県庁,38.268803,140.871846,P02_003=12001,P02-06_04_GML.zip,single record per prefecture
05,秋田県,Akita,秋田県庁,39.718058,140.10325,P02_003=12001,P02-06_05_GML.zip,single record per prefecture
06,山形県,Yamagata,山形県庁,38.240457,140.363278,P02_003=12001,P02-06_06_GML.zip,single record per prefecture
07,福島県,Fukushima,福島県庁,37.749957,140.467734,P02_003=12001,P02-06_07_GML.zip,single record per prefecture
08,茨城県,Ibaraki,茨城県庁,36.34145,140.446735,P02_003=12001,P02-06_08_GML.zip,single record per prefecture
09,栃木県,Tochigi,栃木県庁,36.565689,139.883528,P02_003=12001,P02-06_09_GML.zip,single record per prefecture
10,群馬県,Gunma,群馬県庁,36.391192,139.060947,P02_003=12001,P02-06_10_GML.zip,single record per prefecture
11,埼玉県,Saitama,埼玉県庁,35.856907,139.648854,P02_003=12001,P02-06_11_GML.zip,single record per prefecture
12,千葉県,Chiba,千葉県庁,35.604588,140.123184,P02_003=12001,P02-06_12_GML.zip,single record per prefecture
13,東京都,Tokyo,東京都庁,35.689568,139.691717,P02_003=12001,P02-06_13_GML.zip,single record per prefecture
14,神奈川県,Kanagawa,神奈川県庁,35.44771,139.642536,P02_003=12001,P02-06_14_GML.zip,single record per prefecture
15,新潟県,Niigata,新潟県庁,37.902238,139.023531,P02_003=12001,P02-06_15_GML.zip,single record per prefecture
16,富山県,Toyama,富山県庁,36.69519,137.211341,P02_003=12001,P02-06_16_GML.zip,single record per prefecture
17,石川県,Ishikawa,石川県庁,36.594652,136.625725,P02_003=12001,P02-06_17_GML.zip,single record per prefecture
18,福井県,Fukui,福井県庁,36.065244,136.221791,P02_003=12001,P02-06_18_GML.zip,single record per prefecture
19,山梨県,Yamanashi,山梨県庁,35.663935,138.568379,P02_003=12001,P02-06_19_GML.zip,single record per prefecture
20,長野県,Nagano,長野県庁,36.65131,138.180991,P02_003=12001,P02-06_20_GML.zip,single record per prefecture
21,岐阜県,Gifu,岐阜県庁,35.391199,136.722168,P02_003=12001,P02-06_21_GML.zip,single record per prefecture
22,静岡県,Shizuoka,静岡県庁,34.976906,138.383023,P02_003=12001,P02-06_22_GML.zip,single record per prefecture
23,愛知県,Aichi,愛知県庁,35.180198,136.906739,P02_003=12001,P02-06_23_GML.zip,single record per prefecture
24,三重県,Mie,三重県庁,34.730268,136.508594,P02_003=12001,P02-06_24_GML.zip,single record per prefecture
25,滋賀県,Shiga,滋賀県庁,35.004394,135.868292,P02_003=12001,P02-06_25_GML.zip,single record per prefecture
26,京都府,Kyoto,京都府庁,35.021279,135.755635,P02_003=12001,P02-06_26_GML.zip,single record per prefecture
27,大阪府,Osaka,大阪府庁,34.686394,135.519994,P02_003=12001,P02-06_27_GML.zip,single record per prefecture
28,兵庫県,Hyogo,兵庫県庁,34.691304,135.182995,P02_003=12001,P02-06_28_GML.zip,single record per prefecture
29,奈良県,Nara,奈良県庁,34.685231,135.832883,P02_003=12001,P02-06_29_GML.zip,single record per prefecture
30,和歌山県,Wakayama,和歌山県庁,34.225994,135.16745,P02_003=12001,P02-06_30_GML.zip,single record per prefecture
31,鳥取県,Tottori,鳥取県庁,35.503704,134.238174,P02_003=12001,P02-06_31_GML.zip,single record per prefecture
32,島根県,Shimane,島根県庁,35.472212,133.05053,P02_003=12001,P02-06_32_GML.zip,single record per prefecture
33,岡山県,Okayama,岡山県庁,34.661759,133.934894,P02_003=12001,P02-06_33_GML.zip,single record per prefecture
34,広島県,Hiroshima,広島県庁,34.396271,132.459369,P02_003=12001,P02-06_34_GML.zip,single record per prefecture
35,山口県,Yamaguchi,山口県庁,34.185859,131.471401,P02_003=12001,P02-06_35_GML.zip,single record per prefecture
36,徳島県,Tokushima,徳島県庁,34.065728,134.559484,P02_003=12001,P02-06_36_GML.zip,single record per prefecture
37,香川県,Kagawa,香川県庁,34.34016,134.04339,P02_003=12001,P02-06_37_GML.zip,single record per prefecture
38,愛媛県,Ehime,愛媛県庁,33.841646,132.766103,P02_003=12001,P02-06_38_GML.zip,single record per prefecture
39,高知県,Kochi,高知県庁,33.559753,133.531115,P02_003=12001,P02-06_39_GML.zip,single record per prefecture
40,福岡県,Fukuoka,福岡県庁,33.606261,130.418114,P02_003=12001,P02-06_40_GML.zip,single record per prefecture
41,佐賀県,Saga,佐賀県庁,33.249322,130.298799,P02_003=12001,P02-06_41_GML.zip,single record per prefecture
42,長崎県,Nagasaki,長崎県庁,32.744836,129.873514,P02_003=12001,P02-06_42_GML.zip,single record per prefecture
43,熊本県,Kumamoto,熊本県庁,32.790374,130.741134,P02_003=12001,P02-06_43_GML.zip,single record per prefecture
44,大分県,Oita,大分県庁,33.238128,131.612605,P02_003=12001,P02-06_44_GML.zip,single record per prefecture
45,宮崎県,Miyazaki,宮崎県庁,31.910975,131.423863,P02_003=12001,P02-06_45_GML.zip,single record per prefecture
46,鹿児島県,Kagoshima,鹿児島県庁,31.560185,130.558141,P02_003=12001,P02-06_46_GML.zip,single record per prefecture
47,沖縄県,Okinawa,沖縄県庁,26.212365,127.680975,P02_003=12001,P02-06_47_GML.zip,single record per prefecture
