pair,flow_i_to_j,flow_j_to_i,flow_bidirectional,R_i_to_j_pct,R_j_to_i_pct,S_pct
Kyoto–Shiga,22487.0,56979.0,79466.0,1.78,7.2,1.991
Kyoto–Osaka,89444.0,86787.0,176231.0,7.06,2.02,1.544
Kyoto–Hyogo,9593.0,18709.0,28302.0,0.76,0.66,0.352
Kyoto–Nara,16943.0,19774.0,36717.0,1.34,2.92,0.941
Kyoto–Fukui,2009.0,1405.0,3414.0,0.16,0.31,0.102
Shiga–Mie,1598.0,1617.0,3215.0,0.2,0.17,0.101
Shiga–Gifu,1695.0,1476.0,3171.0,0.21,0.13,0.093
Shiga–Fukui,973.0,531.0,1504.0,0.12,0.12,0.069
Osaka–Hyogo,106051.0,309704.0,415755.0,2.46,11.0,2.907
Osaka–Nara,27627.0,137932.0,165559.0,0.64,20.38,1.629
Osaka–Wakayama,12974.0,25842.0,38816.0,0.3,5.55,0.398
Nara–Wakayama,1670.0,3059.0,4729.0,0.25,0.66,0.21
Nara–Mie,4122.0,2951.0,7073.0,0.61,0.3,0.229
Gifu–Mie,3518.0,1479.0,4997.0,0.32,0.15,0.133
Gifu–Fukui,261.0,130.0,391.0,0.02,0.03,0.014
