origin_pref,dest_pref,F,T,E
18,01,15.0,446418.0,6714.0
18,02,6.0,446418.0,6714.0
18,03,3.0,446418.0,6714.0
18,04,7.0,446418.0,6714.0
18,05,1.0,446418.0,6714.0
18,06,0.0,446418.0,6714.0
18,07,11.0,446418.0,6714.0
18,08,14.0,446418.0,6714.0
18,09,10.0,446418.0,6714.0
18,10,3.0,446418.0,6714.0
18,11,17.0,446418.0,6714.0
18,12,14.0,446418.0,6714.0
18,13,246.0,446418.0,6714.0
18,14,59.0,446418.0,6714.0
18,15,35.0,446418.0,6714.0
18,16,194.0,446418.0,6714.0
18,17,2878.0,446418.0,6714.0
18,18,427685.0,446418.0,6714.0
18,19,9.0,446418.0,6714.0
18,20,18.0,446418.0,6714.0
18,21,130.0,446418.0,6714.0
18,22,32.0,446418.0,6714.0
18,23,219.0,446418.0,6714.0
18,24,22.0,446418.0,6714.0
18,25,531.0,446418.0,6714.0
18,26,1405.0,446418.0,6714.0
18,27,640.0,446418.0,6714.0
18,28,85.0,446418.0,6714.0
18,29,14.0,446418.0,6714.0
18,30,7.0,446418.0,6714.0
18,31,3.0,446418.0,6714.0
18,32,8.0,446418.0,6714.0
18,33,9.0,446418.0,6714.0
18,34,16.0,446418.0,6714.0
18,35,4.0,446418.0,6714.0
18,36,3.0,446418.0,6714.0
18,37,0.0,446418.0,6714.0
18,38,6.0,446418.0,6714.0
18,39,3.0,446418.0,6714.0
18,40,11.0,446418.0,6714.0
18,41,1.0,446418.0,6714.0
18,42,3.0,446418.0,6714.0
18,43,2.0,446418.0,6714.0
18,44,4.0,446418.0,6714.0
18,45,5.0,446418.0,6714.0
18,46,2.0,446418.0,6714.0
18,47,9.0,446418.0,6714.0
18,99,12019.0,446418.0,6714.0
21,01,27.0,1103907.0,117904.0
21,02,5.0,1103907.0,117904.0
21,03,5.0,1103907.0,117904.0
21,04,16.0,1103907.0,117904.0
21,05,4.0,1103907.0,117904.0
21,06,4.0,1103907.0,117904.0
21,07,14.0,1103907.0,117904.0
21,08,16.0,1103907.0,117904.0
21,09,20.0,1103907.0,117904.0
21,10,18.0,1103907.0,117904.0
21,11,49.0,1103907.0,117904.0
21,12,53.0,1103907.0,117904.0
21,13,672.0,1103907.0,117904.0
21,14,151.0,1103907.0,117904.0
21,15,17.0,1103907.0,117904.0
21,16,298.0,1103907.0,117904.0
21,17,198.0,1103907.0,117904.0
21,18,261.0,1103907.0,117904.0
21,19,26.0,1103907.0,117904.0
21,20,895.0,1103907.0,117904.0
21,21,949736.0,1103907.0,117904.0
21,22,280.0,1103907.0,117904.0
21,23,108880.0,1103907.0,117904.0
21,24,3518.0,1103907.0,117904.0
21,25,1476.0,1103907.0,117904.0
21,26,300.0,1103907.0,117904.0
21,27,379.0,1103907.0,117904.0
21,28,119.0,1103907.0,117904.0
21,29,27.0,1103907.0,117904.0
21,30,18.0,1103907.0,117904.0
21,31,9.0,1103907.0,117904.0
21,32,1.0,1103907.0,117904.0
21,33,12.0,1103907.0,117904.0
21,34,28.0,1103907.0,117904.0
21,35,8.0,1103907.0,117904.0
21,36,4.0,1103907.0,117904.0
21,37,6.0,1103907.0,117904.0
21,38,6.0,1103907.0,117904.0
21,39,7.0,1103907.0,117904.0
21,40,29.0,1103907.0,117904.0
21,41,2.0,1103907.0,117904.0
21,42,5.0,1103907.0,117904.0
21,43,6.0,1103907.0,117904.0
21,44,8.0,1103907.0,117904.0
21,45,10.0,1103907.0,117904.0
21,46,5.0,1103907.0,117904.0
21,47,12.0,1103907.0,117904.0
21,99,36267.0,1103907.0,117904.0
24,01,28.0,969592.0,55830.0
24,02,2.0,969592.0,55830.0
24,03,22.0,969592.0,55830.0
24,04,38.0,969592.0,55830.0
24,05,5.0,969592.0,55830.0
24,06,4.0,969592.0,55830.0
24,07,20.0,969592.0,55830.0
24,08,36.0,969592.0,55830.0
24,09,32.0,969592.0,55830.0
24,10,13.0,969592.0,55830.0
24,11,64.0,969592.0,55830.0
24,12,56.0,969592.0,55830.0
24,13,552.0,969592.0,55830.0
24,14,148.0,969592.0,55830.0
24,15,14.0,969592.0,55830.0
24,16,15.0,969592.0,55830.0
24,17,52.0,969592.0,55830.0
24,18,58.0,969592.0,55830.0
24,19,11.0,969592.0,55830.0
24,20,41.0,969592.0,55830.0
24,21,1479.0,969592.0,55830.0
24,22,211.0,969592.0,55830.0
24,23,39524.0,969592.0,55830.0
24,24,867058.0,969592.0,55830.0
24,25,1617.0,969592.0,55830.0
24,26,952.0,969592.0,55830.0
24,27,4977.0,969592.0,55830.0
24,28,276.0,969592.0,55830.0
24,29,2951.0,969592.0,55830.0
24,30,2329.0,969592.0,55830.0
24,31,8.0,969592.0,55830.0
24,32,4.0,969592.0,55830.0
24,33,55.0,969592.0,55830.0
24,34,61.0,969592.0,55830.0
24,35,19.0,969592.0,55830.0
24,36,15.0,969592.0,55830.0
24,37,13.0,969592.0,55830.0
24,38,23.0,969592.0,55830.0
24,39,6.0,969592.0,55830.0
24,40,32.0,969592.0,55830.0
24,41,4.0,969592.0,55830.0
24,42,9.0,969592.0,55830.0
24,43,12.0,969592.0,55830.0
24,44,15.0,969592.0,55830.0
24,45,6.0,969592.0,55830.0
24,46,9.0,969592.0,55830.0
24,47,12.0,969592.0,55830.0
24,99,46704.0,969592.0,55830.0
25,01,15.0,791323.0,86976.0
25,02,5.0,791323.0,86976.0
25,03,2.0,791323.0,86976.0
25,04,15.0,791323.0,86976.0
25,05,3.0,791323.0,86976.0
25,06,12.0,791323.0,86976.0
25,07,16.0,791323.0,86976.0
25,08,20.0,791323.0,86976.0
25,09,14.0,791323.0,86976.0
25,10,14.0,791323.0,86976.0
25,11,33.0,791323.0,86976.0
25,12,35.0,791323.0,86976.0
25,13,448.0,791323.0,86976.0
25,14,109.0,791323.0,86976.0
25,15,11.0,791323.0,86976.0
25,16,27.0,791323.0,86976.0
25,17,77.0,791323.0,86976.0
25,18,973.0,791323.0,86976.0
25,19,7.0,791323.0,86976.0
25,20,41.0,791323.0,86976.0
25,21,1695.0,791323.0,86976.0
25,22,65.0,791323.0,86976.0
25,23,1540.0,791323.0,86976.0
25,24,1598.0,791323.0,86976.0
25,25,668014.0,791323.0,86976.0
25,26,56979.0,791323.0,86976.0
25,27,20451.0,791323.0,86976.0
25,28,1835.0,791323.0,86976.0
25,29,548.0,791323.0,86976.0
25,30,70.0,791323.0,86976.0
25,31,9.0,791323.0,86976.0
25,32,7.0,791323.0,86976.0
25,33,74.0,791323.0,86976.0
25,34,47.0,791323.0,86976.0
25,35,16.0,791323.0,86976.0
25,36,16.0,791323.0,86976.0
25,37,23.0,791323.0,86976.0
25,38,24.0,791323.0,86976.0
25,39,11.0,791323.0,86976.0
25,40,37.0,791323.0,86976.0
25,41,3.0,791323.0,86976.0
25,42,6.0,791323.0,86976.0
25,43,9.0,791323.0,86976.0
25,44,8.0,791323.0,86976.0
25,45,9.0,791323.0,86976.0
25,46,11.0,791323.0,86976.0
25,47,8.0,791323.0,86976.0
25,99,36333.0,791323.0,86976.0
26,01,48.0,1266101.0,145431.0
26,02,13.0,1266101.0,145431.0
26,03,9.0,1266101.0,145431.0
26,04,32.0,1266101.0,145431.0
26,05,5.0,1266101.0,145431.0
26,06,8.0,1266101.0,145431.0
26,07,18.0,1266101.0,145431.0
26,08,42.0,1266101.0,145431.0
26,09,14.0,1266101.0,145431.0
26,10,28.0,1266101.0,145431.0
26,11,63.0,1266101.0,145431.0
26,12,71.0,1266101.0,145431.0
26,13,1071.0,1266101.0,145431.0
26,14,180.0,1266101.0,145431.0
26,15,28.0,1266101.0,145431.0
26,16,48.0,1266101.0,145431.0
26,17,104.0,1266101.0,145431.0
26,18,2009.0,1266101.0,145431.0
26,19,14.0,1266101.0,145431.0
26,20,42.0,1266101.0,145431.0
26,21,135.0,1266101.0,145431.0
26,22,115.0,1266101.0,145431.0
26,23,878.0,1266101.0,145431.0
26,24,989.0,1266101.0,145431.0
26,25,22487.0,1266101.0,145431.0
26,26,1037260.0,1266101.0,145431.0
26,27,89444.0,1266101.0,145431.0
26,28,9593.0,1266101.0,145431.0
26,29,16943.0,1266101.0,145431.0
26,30,232.0,1266101.0,145431.0
26,31,45.0,1266101.0,145431.0
26,32,23.0,1266101.0,145431.0
26,33,152.0,1266101.0,145431.0
26,34,125.0,1266101.0,145431.0
26,35,45.0,1266101.0,145431.0
26,36,45.0,1266101.0,145431.0
26,37,47.0,1266101.0,145431.0
26,38,38.0,1266101.0,145431.0
26,39,31.0,1266101.0,145431.0
26,40,99.0,1266101.0,145431.0
26,41,10.0,1266101.0,145431.0
26,42,18.0,1266101.0,145431.0
26,43,29.0,1266101.0,145431.0
26,44,17.0,1266101.0,145431.0
26,45,13.0,1266101.0,145431.0
26,46,9.0,1266101.0,145431.0
26,47,22.0,1266101.0,145431.0
26,99,83410.0,1266101.0,145431.0
27,01,184.0,4306368.0,257987.0
27,02,31.0,4306368.0,257987.0
27,03,25.0,4306368.0,257987.0
27,04,116.0,4306368.0,257987.0
27,05,30.0,4306368.0,257987.0
27,06,17.0,4306368.0,257987.0
27,07,83.0,4306368.0,257987.0
27,08,126.0,4306368.0,257987.0
27,09,106.0,4306368.0,257987.0
27,10,62.0,4306368.0,257987.0
27,11,261.0,4306368.0,257987.0
27,12,307.0,4306368.0,257987.0
27,13,3957.0,4306368.0,257987.0
27,14,649.0,4306368.0,257987.0
27,15,75.0,4306368.0,257987.0
27,16,99.0,4306368.0,257987.0
27,17,188.0,4306368.0,257987.0
27,18,455.0,4306368.0,257987.0
27,19,36.0,4306368.0,257987.0
27,20,123.0,4306368.0,257987.0
27,21,248.0,4306368.0,257987.0
27,22,290.0,4306368.0,257987.0
27,23,1917.0,4306368.0,257987.0
27,24,1268.0,4306368.0,257987.0
27,25,10663.0,4306368.0,257987.0
27,26,86787.0,4306368.0,257987.0
27,27,3721947.0,4306368.0,257987.0
27,28,106051.0,4306368.0,257987.0
27,29,27627.0,4306368.0,257987.0
27,30,12974.0,4306368.0,257987.0
27,31,116.0,4306368.0,257987.0
27,32,113.0,4306368.0,257987.0
27,33,618.0,4306368.0,257987.0
27,34,550.0,4306368.0,257987.0
27,35,183.0,4306368.0,257987.0
27,36,183.0,4306368.0,257987.0
27,37,199.0,4306368.0,257987.0
27,38,188.0,4306368.0,257987.0
27,39,176.0,4306368.0,257987.0
27,40,416.0,4306368.0,257987.0
27,41,33.0,4306368.0,257987.0
27,42,58.0,4306368.0,257987.0
27,43,86.0,4306368.0,257987.0
27,44,68.0,4306368.0,257987.0
27,45,57.0,4306368.0,257987.0
27,46,80.0,4306368.0,257987.0
27,47,108.0,4306368.0,257987.0
27,99,326434.0,4306368.0,257987.0
28,01,110.0,2814772.0,348387.0
28,02,26.0,2814772.0,348387.0
28,03,26.0,2814772.0,348387.0
28,04,72.0,2814772.0,348387.0
28,05,15.0,2814772.0,348387.0
28,06,14.0,2814772.0,348387.0
28,07,80.0,2814772.0,348387.0
28,08,91.0,2814772.0,348387.0
28,09,29.0,2814772.0,348387.0
28,10,43.0,2814772.0,348387.0
28,11,134.0,2814772.0,348387.0
28,12,212.0,2814772.0,348387.0
28,13,2686.0,2814772.0,348387.0
28,14,454.0,2814772.0,348387.0
28,15,39.0,2814772.0,348387.0
28,16,53.0,2814772.0,348387.0
28,17,101.0,2814772.0,348387.0
28,18,339.0,2814772.0,348387.0
28,19,24.0,2814772.0,348387.0
28,20,83.0,2814772.0,348387.0
28,21,129.0,2814772.0,348387.0
28,22,156.0,2814772.0,348387.0
28,23,948.0,2814772.0,348387.0
28,24,365.0,2814772.0,348387.0
28,25,2428.0,2814772.0,348387.0
28,26,18709.0,2814772.0,348387.0
28,27,309704.0,2814772.0,348387.0
28,28,2322719.0,2814772.0,348387.0
28,29,2116.0,2814772.0,348387.0
28,30,695.0,2814772.0,348387.0
28,31,1044.0,2814772.0,348387.0
28,32,80.0,2814772.0,348387.0
28,33,4731.0,2814772.0,348387.0
28,34,637.0,2814772.0,348387.0
28,35,134.0,2814772.0,348387.0
28,36,692.0,2814772.0,348387.0
28,37,280.0,2814772.0,348387.0
28,38,143.0,2814772.0,348387.0
28,39,116.0,2814772.0,348387.0
28,40,291.0,2814772.0,348387.0
28,41,46.0,2814772.0,348387.0
28,42,47.0,2814772.0,348387.0
28,43,57.0,2814772.0,348387.0
28,44,42.0,2814772.0,348387.0
28,45,26.0,2814772.0,348387.0
28,46,65.0,2814772.0,348387.0
28,47,75.0,2814772.0,348387.0
28,99,143666.0,2814772.0,348387.0
29,01,29.0,676787.0,171912.0
29,02,4.0,676787.0,171912.0
29,03,6.0,676787.0,171912.0
29,04,21.0,676787.0,171912.0
29,05,4.0,676787.0,171912.0
29,06,5.0,676787.0,171912.0
29,07,15.0,676787.0,171912.0
29,08,19.0,676787.0,171912.0
29,09,11.0,676787.0,171912.0
29,10,12.0,676787.0,171912.0
29,11,32.0,676787.0,171912.0
29,12,33.0,676787.0,171912.0
29,13,563.0,676787.0,171912.0
29,14,88.0,676787.0,171912.0
29,15,13.0,676787.0,171912.0
29,16,24.0,676787.0,171912.0
29,17,25.0,676787.0,171912.0
29,18,58.0,676787.0,171912.0
29,19,3.0,676787.0,171912.0
29,20,19.0,676787.0,171912.0
29,21,49.0,676787.0,171912.0
29,22,38.0,676787.0,171912.0
29,23,340.0,676787.0,171912.0
29,24,4122.0,676787.0,171912.0
29,25,1520.0,676787.0,171912.0
29,26,19774.0,676787.0,171912.0
29,27,137932.0,676787.0,171912.0
29,28,5120.0,676787.0,171912.0
29,29,470424.0,676787.0,171912.0
29,30,1670.0,676787.0,171912.0
29,31,10.0,676787.0,171912.0
29,32,14.0,676787.0,171912.0
29,33,65.0,676787.0,171912.0
29,34,70.0,676787.0,171912.0
29,35,14.0,676787.0,171912.0
29,36,30.0,676787.0,171912.0
29,37,30.0,676787.0,171912.0
29,38,20.0,676787.0,171912.0
29,39,8.0,676787.0,171912.0
29,40,45.0,676787.0,171912.0
29,41,3.0,676787.0,171912.0
29,42,6.0,676787.0,171912.0
29,43,8.0,676787.0,171912.0
29,44,14.0,676787.0,171912.0
29,45,6.0,676787.0,171912.0
29,46,9.0,676787.0,171912.0
29,47,11.0,676787.0,171912.0
29,99,34451.0,676787.0,171912.0
30,01,12.0,465902.0,32592.0
30,02,2.0,465902.0,32592.0
30,03,4.0,465902.0,32592.0
30,04,7.0,465902.0,32592.0
30,05,2.0,465902.0,32592.0
30,06,2.0,465902.0,32592.0
30,07,16.0,465902.0,32592.0
30,08,13.0,465902.0,32592.0
30,09,8.0,465902.0,32592.0
30,10,4.0,465902.0,32592.0
30,11,19.0,465902.0,32592.0
30,12,26.0,465902.0,32592.0
30,13,185.0,465902.0,32592.0
30,14,41.0,465902.0,32592.0
30,15,8.0,465902.0,32592.0
30,16,3.0,465902.0,32592.0
30,17,10.0,465902.0,32592.0
30,18,36.0,465902.0,32592.0
30,19,3.0,465902.0,32592.0
30,20,12.0,465902.0,32592.0
30,21,17.0,465902.0,32592.0
30,22,24.0,465902.0,32592.0
30,23,94.0,465902.0,32592.0
30,24,1324.0,465902.0,32592.0
30,25,143.0,465902.0,32592.0
30,26,567.0,465902.0,32592.0
30,27,25842.0,465902.0,32592.0
30,28,877.0,465902.0,32592.0
30,29,3059.0,465902.0,32592.0
30,30,412864.0,465902.0,32592.0
30,31,10.0,465902.0,32592.0
30,32,8.0,465902.0,32592.0
30,33,31.0,465902.0,32592.0
30,34,24.0,465902.0,32592.0
30,35,20.0,465902.0,32592.0
30,36,37.0,465902.0,32592.0
30,37,14.0,465902.0,32592.0
30,38,18.0,465902.0,32592.0
30,39,13.0,465902.0,32592.0
30,40,17.0,465902.0,32592.0
30,41,2.0,465902.0,32592.0
30,42,5.0,465902.0,32592.0
30,43,3.0,465902.0,32592.0
30,44,7.0,465902.0,32592.0
30,45,8.0,465902.0,32592.0
30,46,12.0,465902.0,32592.0
30,47,3.0,465902.0,32592.0
30,99,20446.0,465902.0,32592.0
