class,claim,evidence_artifacts,verification
A,"Current map contiguous but violates ±20% (max dev ≈0.37, ratio ≈1.97)","outputs/models/{A,B}_M0_on_tau0.2_s0.json","QC check 'contiguous' + max_rel_dev"
A,"Border constraint cost: Level A bounded [0, 532,293]; Level B best-found 0","outputs/models/A_M2_* vs A_M3_*; B_M2_* vs B_M3_*; manuscript_values cost_border_*","paired same level/tau/seed"
A,"Real border crosses less commuting flow than all 200 placebos","outputs/flows; outputs/placebo/placebo_results.csv; F4","cross_od_real < placebo min"
A,"OFF retains more functional flow","severed_flow_total & cross_pref_flow_retained in run JSONs; F4","T3 table"
A,"Real border cost unusual vs generic lines (10th pct of feasible; 122/200 no-incumbent)","outputs/placebo/placebo_results.csv; placebo_pct in manuscript_values.csv; F6","200 matched borders"
A,"Future imbalance worsens under IPSS","future.S1.* in run JSONs; durability; F7","T6 table"
A,"MAUP bounded","Level A vs B paired rows in model_results.csv","T3 levels A/B"
A,"Numbers traceable to artifacts","manuscript/manuscript_values.csv","QC value-coverage check"
A,"Raw data unmodified","data/raw/SHA256SUMS.txt","QC checksum checks"
A,"Nonpartisan scope","config/ + src/ contain no vote/party variable","code review"
B,"Visible administrative–functional mismatch did not imply large marginal efficiency loss","A-rows: bounded/zero cost + weak functional interface vs placebos","interpretation of A results"
B,"Territorial alignment is a measurable constraint cost (paired estimand)","manuscript Sec. 2; Cost_border definition","methodological framing of paired ON/OFF runs"
B,"Alignment should be evaluated, not presumed; price reported in constrained planning","Sections 2/5/7","derived inference, not an estimate of alignment benefits"
C,"Different public functions need not have identical efficient territories (conceptual generalization)","manuscript Sec. 2, Sec. 5 (conceptual labels)","labeled conceptual; NOT empirically estimated here"
C,"Benefits of alignment (coordination, legibility, transition costs) exist but are not measured","manuscript Sec. 2/5 disclaimer","explicitly out of scope"
D,"Framework transferable to health regions, emergency coverage, school catchments, transport, utilities","manuscript Sec. 5 transferability paragraph","future-application examples only, no empirical claim"
