value_id,display_value,raw_value,units,source_file,source_columns,analysis_step,figure_table_reference,manuscript_location
A_base_max_min_ratio,1.3138311735419057,1.3138311735419057,,outputs/tables/model_results.csv,,aggregate_results,,
A_base_max_rel_dev,0.16085088622708588,0.16085088622708588,,outputs/tables/model_results.csv,,aggregate_results,T3,Results §3.2
A_base_mean_abs_dev,0.0824203618438752,0.0824203618438752,,outputs/tables/model_results.csv,,aggregate_results,,
A_base_rms_dev,0.09421930905113261,0.09421930905113261,,outputs/tables/model_results.csv,,aggregate_results,,
A_base_contiguous,True,True,,outputs/tables/model_results.csv,,aggregate_results,,
A_base_polsby_popper_mean,0.03324447705769508,0.03324447705769508,,outputs/tables/model_results.csv,,aggregate_results,T3,Results §3.2
A_base_polsby_popper_min,0.011690560105553872,0.011690560105553872,,outputs/tables/model_results.csv,,aggregate_results,,
A_base_n_split_munis,0.0,0.0,,outputs/tables/model_results.csv,,aggregate_results,T3,Results §3.2
A_base_severed_flow_total,243932.5,243932.5,,outputs/tables/model_results.csv,,aggregate_results,T3,Results §3.2
A_base_severed_fraction,0.2733535416923473,0.2733535416923473,,outputs/tables/model_results.csv,,aggregate_results,,
A_base_within_district_retention,648437.5,648437.5,,outputs/tables/model_results.csv,,aggregate_results,,
A_base_cross_pref_flow,39733.0,39733.0,,outputs/tables/model_results.csv,,aggregate_results,,
A_base_cross_pref_flow_severed,39733.0,39733.0,,outputs/tables/model_results.csv,,aggregate_results,,
A_base_cross_pref_flow_retained,0.0,0.0,,outputs/tables/model_results.csv,,aggregate_results,,
A_base_total_boundary_m,5355039.863057774,5355039.863057774,,outputs/tables/model_results.csv,,aggregate_results,,
A_base_objective,1793321.0,1793321.0,,outputs/tables/model_results.csv,,aggregate_results,,
A_base_status,FEASIBLE,FEASIBLE,,outputs/tables/model_results.csv,,aggregate_results,,
A_on_max_min_ratio,1.3138311735419057,1.3138311735419057,,outputs/tables/model_results.csv,"objective,best_objective,bound,metrics",aggregate_results,T3,Results §3.2
A_on_max_rel_dev,0.16085088622708588,0.16085088622708588,,outputs/tables/model_results.csv,"objective,best_objective,bound,metrics",aggregate_results,T3,Results §3.2
A_on_mean_abs_dev,0.0824203618438752,0.0824203618438752,,outputs/tables/model_results.csv,"objective,best_objective,bound,metrics",aggregate_results,T3,Results §3.2
A_on_rms_dev,0.09421930905113261,0.09421930905113261,,outputs/tables/model_results.csv,"objective,best_objective,bound,metrics",aggregate_results,T3,Results §3.2
A_on_contiguous,True,True,,outputs/tables/model_results.csv,"objective,best_objective,bound,metrics",aggregate_results,T3,Results §3.2
A_on_polsby_popper_mean,0.03324447705769508,0.03324447705769508,,outputs/tables/model_results.csv,"objective,best_objective,bound,metrics",aggregate_results,T3,Results §3.2
A_on_polsby_popper_min,0.011690560105553872,0.011690560105553872,,outputs/tables/model_results.csv,"objective,best_objective,bound,metrics",aggregate_results,T3,Results §3.2
A_on_n_split_munis,0.0,0.0,,outputs/tables/model_results.csv,"objective,best_objective,bound,metrics",aggregate_results,T3,Results §3.2
A_on_severed_flow_total,243932.5,243932.5,,outputs/tables/model_results.csv,"objective,best_objective,bound,metrics",aggregate_results,T3,Results §3.2
A_on_severed_fraction,0.2733535416923473,0.2733535416923473,,outputs/tables/model_results.csv,"objective,best_objective,bound,metrics",aggregate_results,T3,Results §3.2
A_on_within_district_retention,648437.5,648437.5,,outputs/tables/model_results.csv,"objective,best_objective,bound,metrics",aggregate_results,T3,Results §3.2
A_on_cross_pref_flow,39733.0,39733.0,,outputs/tables/model_results.csv,"objective,best_objective,bound,metrics",aggregate_results,T3,Results §3.2
A_on_cross_pref_flow_severed,39733.0,39733.0,,outputs/tables/model_results.csv,"objective,best_objective,bound,metrics",aggregate_results,T3,Results §3.2
A_on_cross_pref_flow_retained,0.0,0.0,,outputs/tables/model_results.csv,"objective,best_objective,bound,metrics",aggregate_results,T3,Results §3.2
A_on_total_boundary_m,5355039.8630577745,5355039.8630577745,,outputs/tables/model_results.csv,"objective,best_objective,bound,metrics",aggregate_results,T3,Results §3.2
A_on_objective,1793321.0,1793321.0,,outputs/tables/model_results.csv,"objective,best_objective,bound,metrics",aggregate_results,T3,Results §3.2
A_on_status,FEASIBLE,FEASIBLE,,outputs/tables/model_results.csv,"objective,best_objective,bound,metrics",aggregate_results,T3,Results §3.2
A_off_max_min_ratio,1.3215579758623457,1.3215579758623457,,outputs/tables/model_results.csv,"objective,best_objective,bound,metrics",aggregate_results,T3,Results §3.2
A_off_max_rel_dev,0.15744857387722566,0.15744857387722566,,outputs/tables/model_results.csv,"objective,best_objective,bound,metrics",aggregate_results,T3,Results §3.2
A_off_mean_abs_dev,0.08921496574291865,0.08921496574291865,,outputs/tables/model_results.csv,"objective,best_objective,bound,metrics",aggregate_results,T3,Results §3.2
A_off_rms_dev,0.10024374768242608,0.10024374768242608,,outputs/tables/model_results.csv,"objective,best_objective,bound,metrics",aggregate_results,T3,Results §3.2
A_off_contiguous,True,True,,outputs/tables/model_results.csv,"objective,best_objective,bound,metrics",aggregate_results,T3,Results §3.2
A_off_polsby_popper_mean,0.03206327883880022,0.03206327883880022,,outputs/tables/model_results.csv,"objective,best_objective,bound,metrics",aggregate_results,T3,Results §3.2
A_off_polsby_popper_min,0.011690560105553872,0.011690560105553872,,outputs/tables/model_results.csv,"objective,best_objective,bound,metrics",aggregate_results,T3,Results §3.2
A_off_n_split_munis,0.0,0.0,,outputs/tables/model_results.csv,"objective,best_objective,bound,metrics",aggregate_results,T3,Results §3.2
A_off_severed_flow_total,249689.5,249689.5,,outputs/tables/model_results.csv,"objective,best_objective,bound,metrics",aggregate_results,T3,Results §3.2
A_off_severed_fraction,0.279804901554288,0.279804901554288,,outputs/tables/model_results.csv,"objective,best_objective,bound,metrics",aggregate_results,T3,Results §3.2
A_off_within_district_retention,642680.5,642680.5,,outputs/tables/model_results.csv,"objective,best_objective,bound,metrics",aggregate_results,T3,Results §3.2
A_off_cross_pref_flow,39733.0,39733.0,,outputs/tables/model_results.csv,"objective,best_objective,bound,metrics",aggregate_results,T3,Results §3.2
A_off_cross_pref_flow_severed,39733.0,39733.0,,outputs/tables/model_results.csv,"objective,best_objective,bound,metrics",aggregate_results,T3,Results §3.2
A_off_cross_pref_flow_retained,0.0,0.0,,outputs/tables/model_results.csv,"objective,best_objective,bound,metrics",aggregate_results,T3,Results §3.2
A_off_total_boundary_m,5401252.408704229,5401252.408704229,,outputs/tables/model_results.csv,"objective,best_objective,bound,metrics",aggregate_results,T3,Results §3.2
A_off_objective,1870325.0,1870325.0,,outputs/tables/model_results.csv,"objective,best_objective,bound,metrics",aggregate_results,T3,Results §3.2
A_off_status,FEASIBLE,FEASIBLE,,outputs/tables/model_results.csv,"objective,best_objective,bound,metrics",aggregate_results,T3,Results §3.2
cost_border_A,-77004.0,-77004.0,,outputs/tables/model_results.csv,"objective,best_objective,bound,metrics",aggregate_results,T3,Results §3.2
B_base_max_min_ratio,1.3163529563784768,1.3163529563784768,,outputs/tables/model_results.csv,,aggregate_results,,
B_base_max_rel_dev,0.1624584731756944,0.1624584731756944,,outputs/tables/model_results.csv,,aggregate_results,T3,Results §3.2
B_base_mean_abs_dev,0.08277760338801045,0.08277760338801045,,outputs/tables/model_results.csv,,aggregate_results,,
B_base_rms_dev,0.09465118953858934,0.09465118953858934,,outputs/tables/model_results.csv,,aggregate_results,,
B_base_contiguous,True,True,,outputs/tables/model_results.csv,,aggregate_results,,
B_base_polsby_popper_mean,0.03251846341409881,0.03251846341409881,,outputs/tables/model_results.csv,,aggregate_results,T3,Results §3.2
B_base_polsby_popper_min,0.01095788735071851,0.01095788735071851,,outputs/tables/model_results.csv,,aggregate_results,,
B_base_n_split_munis,1.0,1.0,,outputs/tables/model_results.csv,,aggregate_results,T3,Results §3.2
B_base_severed_flow_total,243922.56924311048,243922.56924311048,,outputs/tables/model_results.csv,,aggregate_results,T3,Results §3.2
B_base_severed_fraction,0.27334241317291086,0.27334241317291086,,outputs/tables/model_results.csv,,aggregate_results,,
B_base_within_district_retention,648447.4307568895,648447.4307568895,,outputs/tables/model_results.csv,,aggregate_results,,
B_base_cross_pref_flow,39733.0,39733.0,,outputs/tables/model_results.csv,,aggregate_results,,
B_base_cross_pref_flow_severed,39733.0,39733.0,,outputs/tables/model_results.csv,,aggregate_results,,
B_base_cross_pref_flow_retained,0.0,0.0,,outputs/tables/model_results.csv,,aggregate_results,,
B_base_total_boundary_m,5424410.763412877,5424410.763412877,,outputs/tables/model_results.csv,,aggregate_results,,
B_base_objective,0.6245294675099053,0.6245294675099053,,outputs/tables/model_results.csv,,aggregate_results,,
B_base_status,,,,outputs/tables/model_results.csv,,aggregate_results,,
B_on_max_min_ratio,1.3163529563784768,1.3163529563784768,,outputs/tables/model_results.csv,"objective,best_objective,bound,metrics",aggregate_results,T3,Results §3.2
B_on_max_rel_dev,0.1624584731756944,0.1624584731756944,,outputs/tables/model_results.csv,"objective,best_objective,bound,metrics",aggregate_results,T3,Results §3.2
B_on_mean_abs_dev,0.08277760338801045,0.08277760338801045,,outputs/tables/model_results.csv,"objective,best_objective,bound,metrics",aggregate_results,T3,Results §3.2
B_on_rms_dev,0.09465118953858934,0.09465118953858934,,outputs/tables/model_results.csv,"objective,best_objective,bound,metrics",aggregate_results,T3,Results §3.2
B_on_contiguous,True,True,,outputs/tables/model_results.csv,"objective,best_objective,bound,metrics",aggregate_results,T3,Results §3.2
B_on_polsby_popper_mean,0.032518463414098815,0.032518463414098815,,outputs/tables/model_results.csv,"objective,best_objective,bound,metrics",aggregate_results,T3,Results §3.2
B_on_polsby_popper_min,0.01095788735071851,0.01095788735071851,,outputs/tables/model_results.csv,"objective,best_objective,bound,metrics",aggregate_results,T3,Results §3.2
B_on_n_split_munis,1.0,1.0,,outputs/tables/model_results.csv,"objective,best_objective,bound,metrics",aggregate_results,T3,Results §3.2
B_on_severed_flow_total,243922.56924311048,243922.56924311048,,outputs/tables/model_results.csv,"objective,best_objective,bound,metrics",aggregate_results,T3,Results §3.2
B_on_severed_fraction,0.27334241317291086,0.27334241317291086,,outputs/tables/model_results.csv,"objective,best_objective,bound,metrics",aggregate_results,T3,Results §3.2
B_on_within_district_retention,648447.4307568895,648447.4307568895,,outputs/tables/model_results.csv,"objective,best_objective,bound,metrics",aggregate_results,T3,Results §3.2
B_on_cross_pref_flow,39733.0,39733.0,,outputs/tables/model_results.csv,"objective,best_objective,bound,metrics",aggregate_results,T3,Results §3.2
B_on_cross_pref_flow_severed,39733.0,39733.0,,outputs/tables/model_results.csv,"objective,best_objective,bound,metrics",aggregate_results,T3,Results §3.2
B_on_cross_pref_flow_retained,0.0,0.0,,outputs/tables/model_results.csv,"objective,best_objective,bound,metrics",aggregate_results,T3,Results §3.2
B_on_total_boundary_m,5424410.763412876,5424410.763412876,,outputs/tables/model_results.csv,"objective,best_objective,bound,metrics",aggregate_results,T3,Results §3.2
B_on_objective,0.6245294675099053,0.6245294675099053,,outputs/tables/model_results.csv,"objective,best_objective,bound,metrics",aggregate_results,T3,Results §3.2
B_on_status,,,,outputs/tables/model_results.csv,"objective,best_objective,bound,metrics",aggregate_results,T3,Results §3.2
B_off_max_min_ratio,1.3163529563784768,1.3163529563784768,,outputs/tables/model_results.csv,"objective,best_objective,bound,metrics",aggregate_results,T3,Results §3.2
B_off_max_rel_dev,0.1624584731756944,0.1624584731756944,,outputs/tables/model_results.csv,"objective,best_objective,bound,metrics",aggregate_results,T3,Results §3.2
B_off_mean_abs_dev,0.08277760338801045,0.08277760338801045,,outputs/tables/model_results.csv,"objective,best_objective,bound,metrics",aggregate_results,T3,Results §3.2
B_off_rms_dev,0.09465118953858934,0.09465118953858934,,outputs/tables/model_results.csv,"objective,best_objective,bound,metrics",aggregate_results,T3,Results §3.2
B_off_contiguous,True,True,,outputs/tables/model_results.csv,"objective,best_objective,bound,metrics",aggregate_results,T3,Results §3.2
B_off_polsby_popper_mean,0.032518463414098815,0.032518463414098815,,outputs/tables/model_results.csv,"objective,best_objective,bound,metrics",aggregate_results,T3,Results §3.2
B_off_polsby_popper_min,0.01095788735071851,0.01095788735071851,,outputs/tables/model_results.csv,"objective,best_objective,bound,metrics",aggregate_results,T3,Results §3.2
B_off_n_split_munis,1.0,1.0,,outputs/tables/model_results.csv,"objective,best_objective,bound,metrics",aggregate_results,T3,Results §3.2
B_off_severed_flow_total,243922.56924311048,243922.56924311048,,outputs/tables/model_results.csv,"objective,best_objective,bound,metrics",aggregate_results,T3,Results §3.2
B_off_severed_fraction,0.27334241317291086,0.27334241317291086,,outputs/tables/model_results.csv,"objective,best_objective,bound,metrics",aggregate_results,T3,Results §3.2
B_off_within_district_retention,648447.4307568895,648447.4307568895,,outputs/tables/model_results.csv,"objective,best_objective,bound,metrics",aggregate_results,T3,Results §3.2
B_off_cross_pref_flow,39733.0,39733.0,,outputs/tables/model_results.csv,"objective,best_objective,bound,metrics",aggregate_results,T3,Results §3.2
B_off_cross_pref_flow_severed,39733.0,39733.0,,outputs/tables/model_results.csv,"objective,best_objective,bound,metrics",aggregate_results,T3,Results §3.2
B_off_cross_pref_flow_retained,0.0,0.0,,outputs/tables/model_results.csv,"objective,best_objective,bound,metrics",aggregate_results,T3,Results §3.2
B_off_total_boundary_m,5424410.763412876,5424410.763412876,,outputs/tables/model_results.csv,"objective,best_objective,bound,metrics",aggregate_results,T3,Results §3.2
B_off_objective,0.6245294675099053,0.6245294675099053,,outputs/tables/model_results.csv,"objective,best_objective,bound,metrics",aggregate_results,T3,Results §3.2
B_off_status,,,,outputs/tables/model_results.csv,"objective,best_objective,bound,metrics",aggregate_results,T3,Results §3.2
cost_border_B,0.0,0.0,,outputs/tables/model_results.csv,"objective,best_objective,bound,metrics",aggregate_results,T3,Results §3.2
cost_border_A_lo,0.0,0.0,,outputs/tables/model_results.csv,"objective,best_objective,bound,metrics",aggregate_results,T3,Results §3.2
cost_border_A_hi,532293.0,532293.0,,outputs/tables/model_results.csv,"objective,best_objective,bound,metrics",aggregate_results,T3,Results §3.2
cost_border_A_hi_frac,0.2968196993176347,0.2968196993176347,,outputs/tables/model_results.csv,"objective,best_objective,bound,metrics",aggregate_results,T3,Results §3.2
A_on_bound,883334.0,883334.0,,outputs/tables/model_results.csv,"objective,best_objective,bound,metrics",aggregate_results,T3,Results §3.2
A_current_max_min_ratio,1.9744058238931521,1.9744058238931521,,outputs/tables/model_results.csv,"objective,best_objective,bound,metrics",aggregate_results,T3,Results §3.2
A_current_max_rel_dev,0.37066014780179957,0.37066014780179957,,outputs/tables/model_results.csv,"objective,best_objective,bound,metrics",aggregate_results,T3,Results §3.2
A_current_mean_abs_dev,0.16759516343828482,0.16759516343828482,,outputs/tables/model_results.csv,"objective,best_objective,bound,metrics",aggregate_results,T3,Results §3.2
A_current_rms_dev,0.19458739462659339,0.19458739462659339,,outputs/tables/model_results.csv,"objective,best_objective,bound,metrics",aggregate_results,T3,Results §3.2
A_current_contiguous,True,True,,outputs/tables/model_results.csv,"objective,best_objective,bound,metrics",aggregate_results,T3,Results §3.2
A_current_polsby_popper_mean,0.029765957144250295,0.029765957144250295,,outputs/tables/model_results.csv,"objective,best_objective,bound,metrics",aggregate_results,T3,Results §3.2
A_current_polsby_popper_min,0.012526064324432172,0.012526064324432172,,outputs/tables/model_results.csv,"objective,best_objective,bound,metrics",aggregate_results,T3,Results §3.2
A_current_n_split_munis,0.0,0.0,,outputs/tables/model_results.csv,"objective,best_objective,bound,metrics",aggregate_results,T3,Results §3.2
A_current_severed_flow_total,233890.5,233890.5,,outputs/tables/model_results.csv,"objective,best_objective,bound,metrics",aggregate_results,T3,Results §3.2
A_current_severed_fraction,0.262100361957484,0.262100361957484,,outputs/tables/model_results.csv,"objective,best_objective,bound,metrics",aggregate_results,T3,Results §3.2
A_current_within_district_retention,658479.5,658479.5,,outputs/tables/model_results.csv,"objective,best_objective,bound,metrics",aggregate_results,T3,Results §3.2
A_current_cross_pref_flow,39733.0,39733.0,,outputs/tables/model_results.csv,"objective,best_objective,bound,metrics",aggregate_results,T3,Results §3.2
A_current_cross_pref_flow_severed,39733.0,39733.0,,outputs/tables/model_results.csv,"objective,best_objective,bound,metrics",aggregate_results,T3,Results §3.2
A_current_cross_pref_flow_retained,0.0,0.0,,outputs/tables/model_results.csv,"objective,best_objective,bound,metrics",aggregate_results,T3,Results §3.2
A_current_total_boundary_m,5554021.895381763,5554021.895381763,,outputs/tables/model_results.csv,"objective,best_objective,bound,metrics",aggregate_results,T3,Results §3.2
B_current_max_min_ratio,1.9744058238931521,1.9744058238931521,,outputs/tables/model_results.csv,"objective,best_objective,bound,metrics",aggregate_results,T3,Results §3.2
B_current_max_rel_dev,0.37066014780179957,0.37066014780179957,,outputs/tables/model_results.csv,"objective,best_objective,bound,metrics",aggregate_results,T3,Results §3.2
B_current_mean_abs_dev,0.16759516343828482,0.16759516343828482,,outputs/tables/model_results.csv,"objective,best_objective,bound,metrics",aggregate_results,T3,Results §3.2
B_current_rms_dev,0.19458739462659339,0.19458739462659339,,outputs/tables/model_results.csv,"objective,best_objective,bound,metrics",aggregate_results,T3,Results §3.2
B_current_contiguous,True,True,,outputs/tables/model_results.csv,"objective,best_objective,bound,metrics",aggregate_results,T3,Results §3.2
B_current_polsby_popper_mean,0.02897465257034027,0.02897465257034027,,outputs/tables/model_results.csv,"objective,best_objective,bound,metrics",aggregate_results,T3,Results §3.2
B_current_polsby_popper_min,0.011490815782798843,0.011490815782798843,,outputs/tables/model_results.csv,"objective,best_objective,bound,metrics",aggregate_results,T3,Results §3.2
B_current_n_split_munis,0.0,0.0,,outputs/tables/model_results.csv,"objective,best_objective,bound,metrics",aggregate_results,T3,Results §3.2
B_current_severed_flow_total,233890.5,233890.5,,outputs/tables/model_results.csv,"objective,best_objective,bound,metrics",aggregate_results,T3,Results §3.2
B_current_severed_fraction,0.262100361957484,0.262100361957484,,outputs/tables/model_results.csv,"objective,best_objective,bound,metrics",aggregate_results,T3,Results §3.2
B_current_within_district_retention,658479.5,658479.5,,outputs/tables/model_results.csv,"objective,best_objective,bound,metrics",aggregate_results,T3,Results §3.2
B_current_cross_pref_flow,39733.0,39733.0,,outputs/tables/model_results.csv,"objective,best_objective,bound,metrics",aggregate_results,T3,Results §3.2
B_current_cross_pref_flow_severed,39733.0,39733.0,,outputs/tables/model_results.csv,"objective,best_objective,bound,metrics",aggregate_results,T3,Results §3.2
B_current_cross_pref_flow_retained,0.0,0.0,,outputs/tables/model_results.csv,"objective,best_objective,bound,metrics",aggregate_results,T3,Results §3.2
B_current_total_boundary_m,5670855.194205408,5670855.194205408,,outputs/tables/model_results.csv,"objective,best_objective,bound,metrics",aggregate_results,T3,Results §3.2
M5_reassigned_pop,118576.0,118576.0,,outputs/tables/model_results.csv,"objective,best_objective,bound,metrics",aggregate_results,T3,Results §3.2
M5_reassigned_units,176.0,176.0,,outputs/tables/model_results.csv,"objective,best_objective,bound,metrics",aggregate_results,T3,Results §3.2
M5_reassigned_pop_frac,0.029705661526914492,0.029705661526914492,,outputs/tables/model_results.csv,"objective,best_objective,bound,metrics",aggregate_results,T3,Results §3.2
placebo_n,200,200,,outputs/placebo/placebo_results.csv,"cost,status,border_id",aggregate_results,"T5,F6",Results §3.3
placebo_n_feasible,78,78,,outputs/placebo/placebo_results.csv,"cost,status,border_id",aggregate_results,"T5,F6",Results §3.3
placebo_infeasible_share,61.0,61.0,,outputs/placebo/placebo_results.csv,"cost,status,border_id",aggregate_results,"T5,F6",Results §3.3
placebo_cost_median,0.0646725193455564,0.0646725193455564,,outputs/placebo/placebo_results.csv,"cost,status,border_id",aggregate_results,"T5,F6",Results §3.3
placebo_cost_iqr,0.0222 – 0.0727,0.0222 – 0.0727,,outputs/placebo/placebo_results.csv,"cost,status,border_id",aggregate_results,"T5,F6",Results §3.3
cost_border_heuristic,0.024479959950260866,0.024479959950260866,,outputs/tables/model_results.csv,"objective,best_objective,bound,metrics",aggregate_results,T3,Results §3.2
placebo_pct,10.0,10.0,,outputs/placebo/placebo_results.csv,"cost,status,border_id",aggregate_results,"T5,F6",Results §3.3
cross_od_real,39733.0,39733.0,daily trips,outputs/placebo/cross_od.csv,cross_od,aggregate_results,F6,Results §3.2-3.3
cross_od_placebo_median,99419.5,99419.5,daily trips,outputs/placebo/cross_od.csv,cross_od,aggregate_results,F6,Results §3.2-3.3
cross_od_placebo_iqr,90322 – 103038,90322 – 103038,daily trips,outputs/placebo/cross_od.csv,cross_od,aggregate_results,F6,Results §3.2-3.3
cross_od_real_pct,0.0,0.0,daily trips,outputs/placebo/cross_od.csv,cross_od,aggregate_results,F6,Results §3.2-3.3
n_muni,55,55,count/persons,data/processed/muni_lookup.csv; geography_qc.json,,aggregate_results,,§2 Data
region_pop,3991697.0,3991697.0,count/persons,data/processed/muni_lookup.csv; geography_qc.json,,aggregate_results,,§2 Data
n_cross,79466.0,79466.0,daily trips,outputs/diagnostics/flows_qc.json,,aggregate_results,,§1-2
total_flow_within_region,1784740.0,1784740.0,daily trips,outputs/diagnostics/flows_qc.json,,aggregate_results,,§1-2
n_small,11978,11978,count/persons,data/processed/muni_lookup.csv; geography_qc.json,,aggregate_results,,§2 Data
pop_shiga,1413610.0,1413610.0,count/persons,data/processed/muni_lookup.csv; geography_qc.json,,aggregate_results,,§2 Data
pop_kyoto,2578087.0,2578087.0,count/persons,data/processed/muni_lookup.csv; geography_qc.json,,aggregate_results,,§2 Data
A_on_fut_S1_2025_maxdev,0.15707119827843674,0.15707119827843674,,outputs/tables/model_results.csv,"objective,best_objective,bound,metrics",aggregate_results,T3,Results §3.2
A_on_fut_S1_2030_maxdev,0.16522837771107035,0.16522837771107035,,outputs/tables/model_results.csv,"objective,best_objective,bound,metrics",aggregate_results,T3,Results §3.2
A_on_fut_S1_2035_maxdev,0.19325148244372325,0.19325148244372325,,outputs/tables/model_results.csv,"objective,best_objective,bound,metrics",aggregate_results,T3,Results §3.2
A_on_fut_S1_2040_maxdev,0.21978752959676773,0.21978752959676773,,outputs/tables/model_results.csv,"objective,best_objective,bound,metrics",aggregate_results,T3,Results §3.2
A_on_fut_S1_2045_maxdev,0.24422825478318422,0.24422825478318422,,outputs/tables/model_results.csv,"objective,best_objective,bound,metrics",aggregate_results,T3,Results §3.2
A_on_fut_S1_2050_maxdev,0.26746395470306195,0.26746395470306195,,outputs/tables/model_results.csv,"objective,best_objective,bound,metrics",aggregate_results,T3,Results §3.2
A_on_durability_S1,2040,2040,,outputs/tables/model_results.csv,"objective,best_objective,bound,metrics",aggregate_results,T3,Results §3.2
A_on_durability_S2,2040,2040,,outputs/tables/model_results.csv,"objective,best_objective,bound,metrics",aggregate_results,T3,Results §3.2
A_off_fut_S1_2025_maxdev,0.1665872766677643,0.1665872766677643,,outputs/tables/model_results.csv,"objective,best_objective,bound,metrics",aggregate_results,T3,Results §3.2
A_off_fut_S1_2030_maxdev,0.1705179070180668,0.1705179070180668,,outputs/tables/model_results.csv,"objective,best_objective,bound,metrics",aggregate_results,T3,Results §3.2
A_off_fut_S1_2035_maxdev,0.1934675372876673,0.1934675372876673,,outputs/tables/model_results.csv,"objective,best_objective,bound,metrics",aggregate_results,T3,Results §3.2
A_off_fut_S1_2040_maxdev,0.21682561589798022,0.21682561589798022,,outputs/tables/model_results.csv,"objective,best_objective,bound,metrics",aggregate_results,T3,Results §3.2
A_off_fut_S1_2045_maxdev,0.23924894373622863,0.23924894373622863,,outputs/tables/model_results.csv,"objective,best_objective,bound,metrics",aggregate_results,T3,Results §3.2
A_off_fut_S1_2050_maxdev,0.2605695584348813,0.2605695584348813,,outputs/tables/model_results.csv,"objective,best_objective,bound,metrics",aggregate_results,T3,Results §3.2
A_off_durability_S1,2040,2040,,outputs/tables/model_results.csv,"objective,best_objective,bound,metrics",aggregate_results,T3,Results §3.2
A_off_durability_S2,2040,2040,,outputs/tables/model_results.csv,"objective,best_objective,bound,metrics",aggregate_results,T3,Results §3.2
A_m4on_fut_S1_2025_maxdev,0.15707119827843674,0.15707119827843674,,outputs/tables/model_results.csv,,aggregate_results,"T6,F7",Results §3.4
A_m4on_fut_S1_2030_maxdev,0.16522837771107035,0.16522837771107035,,outputs/tables/model_results.csv,,aggregate_results,"T6,F7",Results §3.4
A_m4on_fut_S1_2035_maxdev,0.19325148244372325,0.19325148244372325,,outputs/tables/model_results.csv,,aggregate_results,"T6,F7",Results §3.4
A_m4on_fut_S1_2040_maxdev,0.21978752959676773,0.21978752959676773,,outputs/tables/model_results.csv,,aggregate_results,"T6,F7",Results §3.4
A_m4on_fut_S1_2045_maxdev,0.24422825478318422,0.24422825478318422,,outputs/tables/model_results.csv,,aggregate_results,"T6,F7",Results §3.4
A_m4on_fut_S1_2050_maxdev,0.26746395470306195,0.26746395470306195,,outputs/tables/model_results.csv,,aggregate_results,"T6,F7",Results §3.4
A_m4on_durability_S1,2040,2040,,outputs/tables/model_results.csv,,aggregate_results,"T6,F7",Results §3.4
A_m4on_durability_S2,2040,2040,,outputs/tables/model_results.csv,,aggregate_results,"T6,F7",Results §3.4
B_on_fut_S1_2025_maxdev,0.15864437568034329,0.15864437568034329,,outputs/tables/model_results.csv,"objective,best_objective,bound,metrics",aggregate_results,T3,Results §3.2
B_on_fut_S1_2030_maxdev,0.16522837771106968,0.16522837771106968,,outputs/tables/model_results.csv,"objective,best_objective,bound,metrics",aggregate_results,T3,Results §3.2
B_on_fut_S1_2035_maxdev,0.19325148244372126,0.19325148244372126,,outputs/tables/model_results.csv,"objective,best_objective,bound,metrics",aggregate_results,T3,Results §3.2
B_on_fut_S1_2040_maxdev,0.21978752959676906,0.21978752959676906,,outputs/tables/model_results.csv,"objective,best_objective,bound,metrics",aggregate_results,T3,Results §3.2
B_on_fut_S1_2045_maxdev,0.24422825478318355,0.24422825478318355,,outputs/tables/model_results.csv,"objective,best_objective,bound,metrics",aggregate_results,T3,Results §3.2
B_on_fut_S1_2050_maxdev,0.2674639547030606,0.2674639547030606,,outputs/tables/model_results.csv,"objective,best_objective,bound,metrics",aggregate_results,T3,Results §3.2
B_on_durability_S1,2040,2040,,outputs/tables/model_results.csv,"objective,best_objective,bound,metrics",aggregate_results,T3,Results §3.2
B_on_durability_S2,2040,2040,,outputs/tables/model_results.csv,"objective,best_objective,bound,metrics",aggregate_results,T3,Results §3.2
B_off_fut_S1_2025_maxdev,0.15864437568034329,0.15864437568034329,,outputs/tables/model_results.csv,"objective,best_objective,bound,metrics",aggregate_results,T3,Results §3.2
B_off_fut_S1_2030_maxdev,0.16522837771106968,0.16522837771106968,,outputs/tables/model_results.csv,"objective,best_objective,bound,metrics",aggregate_results,T3,Results §3.2
B_off_fut_S1_2035_maxdev,0.19325148244372126,0.19325148244372126,,outputs/tables/model_results.csv,"objective,best_objective,bound,metrics",aggregate_results,T3,Results §3.2
B_off_fut_S1_2040_maxdev,0.21978752959676906,0.21978752959676906,,outputs/tables/model_results.csv,"objective,best_objective,bound,metrics",aggregate_results,T3,Results §3.2
B_off_fut_S1_2045_maxdev,0.24422825478318355,0.24422825478318355,,outputs/tables/model_results.csv,"objective,best_objective,bound,metrics",aggregate_results,T3,Results §3.2
B_off_fut_S1_2050_maxdev,0.2674639547030606,0.2674639547030606,,outputs/tables/model_results.csv,"objective,best_objective,bound,metrics",aggregate_results,T3,Results §3.2
B_off_durability_S1,2040,2040,,outputs/tables/model_results.csv,"objective,best_objective,bound,metrics",aggregate_results,T3,Results §3.2
B_off_durability_S2,2040,2040,,outputs/tables/model_results.csv,"objective,best_objective,bound,metrics",aggregate_results,T3,Results §3.2
B_m4on_fut_S1_2025_maxdev,0.15864437568034329,0.15864437568034329,,outputs/tables/model_results.csv,,aggregate_results,"T6,F7",Results §3.4
B_m4on_fut_S1_2030_maxdev,0.16522837771106968,0.16522837771106968,,outputs/tables/model_results.csv,,aggregate_results,"T6,F7",Results §3.4
B_m4on_fut_S1_2035_maxdev,0.19325148244372148,0.19325148244372148,,outputs/tables/model_results.csv,,aggregate_results,"T6,F7",Results §3.4
B_m4on_fut_S1_2040_maxdev,0.21978752959676906,0.21978752959676906,,outputs/tables/model_results.csv,,aggregate_results,"T6,F7",Results §3.4
B_m4on_fut_S1_2045_maxdev,0.24422825478318333,0.24422825478318333,,outputs/tables/model_results.csv,,aggregate_results,"T6,F7",Results §3.4
B_m4on_fut_S1_2050_maxdev,0.2674639547030606,0.2674639547030606,,outputs/tables/model_results.csv,,aggregate_results,"T6,F7",Results §3.4
B_m4on_durability_S1,2040,2040,,outputs/tables/model_results.csv,,aggregate_results,"T6,F7",Results §3.4
B_m4on_durability_S2,2040,2040,,outputs/tables/model_results.csv,,aggregate_results,"T6,F7",Results §3.4
B_m4off_fut_S1_2025_maxdev,0.15864437568034329,0.15864437568034329,,outputs/tables/model_results.csv,,aggregate_results,"T6,F7",Results §3.4
B_m4off_fut_S1_2030_maxdev,0.16522837771106968,0.16522837771106968,,outputs/tables/model_results.csv,,aggregate_results,"T6,F7",Results §3.4
B_m4off_fut_S1_2035_maxdev,0.19325148244372148,0.19325148244372148,,outputs/tables/model_results.csv,,aggregate_results,"T6,F7",Results §3.4
B_m4off_fut_S1_2040_maxdev,0.21978752959676862,0.21978752959676862,,outputs/tables/model_results.csv,,aggregate_results,"T6,F7",Results §3.4
B_m4off_fut_S1_2045_maxdev,0.24422825478318333,0.24422825478318333,,outputs/tables/model_results.csv,,aggregate_results,"T6,F7",Results §3.4
B_m4off_fut_S1_2050_maxdev,0.2674639547030606,0.2674639547030606,,outputs/tables/model_results.csv,,aggregate_results,"T6,F7",Results §3.4
B_m4off_durability_S1,2040,2040,,outputs/tables/model_results.csv,,aggregate_results,"T6,F7",Results §3.4
B_m4off_durability_S2,2040,2040,,outputs/tables/model_results.csv,,aggregate_results,"T6,F7",Results §3.4
