key,value
A_base_max_min_ratio,1.3138311735419057
A_base_max_rel_dev,0.16085088622708588
A_base_mean_abs_dev,0.0824203618438752
A_base_rms_dev,0.09421930905113261
A_base_contiguous,True
A_base_polsby_popper_mean,0.03324447705769508
A_base_polsby_popper_min,0.011690560105553872
A_base_n_split_munis,0.0
A_base_severed_flow_total,243932.5
A_base_severed_fraction,0.2733535416923473
A_base_within_district_retention,648437.5
A_base_cross_pref_flow,39733.0
A_base_cross_pref_flow_severed,39733.0
A_base_cross_pref_flow_retained,0.0
A_base_total_boundary_m,5355039.863057774
A_base_objective,1793321.0
A_base_status,FEASIBLE
A_on_max_min_ratio,1.3138311735419057
A_on_max_rel_dev,0.16085088622708588
A_on_mean_abs_dev,0.0824203618438752
A_on_rms_dev,0.09421930905113261
A_on_contiguous,True
A_on_polsby_popper_mean,0.03324447705769508
A_on_polsby_popper_min,0.011690560105553872
A_on_n_split_munis,0.0
A_on_severed_flow_total,243932.5
A_on_severed_fraction,0.2733535416923473
A_on_within_district_retention,648437.5
A_on_cross_pref_flow,39733.0
A_on_cross_pref_flow_severed,39733.0
A_on_cross_pref_flow_retained,0.0
A_on_total_boundary_m,5355039.8630577745
A_on_objective,1793321.0
A_on_status,FEASIBLE
A_off_max_min_ratio,1.3215579758623457
A_off_max_rel_dev,0.15744857387722566
A_off_mean_abs_dev,0.08921496574291865
A_off_rms_dev,0.10024374768242608
A_off_contiguous,True
A_off_polsby_popper_mean,0.03206327883880022
A_off_polsby_popper_min,0.011690560105553872
A_off_n_split_munis,0.0
A_off_severed_flow_total,249689.5
A_off_severed_fraction,0.279804901554288
A_off_within_district_retention,642680.5
A_off_cross_pref_flow,39733.0
A_off_cross_pref_flow_severed,39733.0
A_off_cross_pref_flow_retained,0.0
A_off_total_boundary_m,5401252.408704229
A_off_objective,1870325.0
A_off_status,FEASIBLE
cost_border_A,-77004.0
B_base_max_min_ratio,1.3163529563784768
B_base_max_rel_dev,0.1624584731756944
B_base_mean_abs_dev,0.08277760338801045
B_base_rms_dev,0.09465118953858934
B_base_contiguous,True
B_base_polsby_popper_mean,0.03251846341409881
B_base_polsby_popper_min,0.01095788735071851
B_base_n_split_munis,1.0
B_base_severed_flow_total,243922.56924311048
B_base_severed_fraction,0.27334241317291086
B_base_within_district_retention,648447.4307568895
B_base_cross_pref_flow,39733.0
B_base_cross_pref_flow_severed,39733.0
B_base_cross_pref_flow_retained,0.0
B_base_total_boundary_m,5424410.763412877
B_base_objective,0.6245294675099053
B_base_status,
B_on_max_min_ratio,1.3163529563784768
B_on_max_rel_dev,0.1624584731756944
B_on_mean_abs_dev,0.08277760338801045
B_on_rms_dev,0.09465118953858934
B_on_contiguous,True
B_on_polsby_popper_mean,0.032518463414098815
B_on_polsby_popper_min,0.01095788735071851
B_on_n_split_munis,1.0
B_on_severed_flow_total,243922.56924311048
B_on_severed_fraction,0.27334241317291086
B_on_within_district_retention,648447.4307568895
B_on_cross_pref_flow,39733.0
B_on_cross_pref_flow_severed,39733.0
B_on_cross_pref_flow_retained,0.0
B_on_total_boundary_m,5424410.763412876
B_on_objective,0.6245294675099053
B_on_status,
B_off_max_min_ratio,1.3163529563784768
B_off_max_rel_dev,0.1624584731756944
B_off_mean_abs_dev,0.08277760338801045
B_off_rms_dev,0.09465118953858934
B_off_contiguous,True
B_off_polsby_popper_mean,0.032518463414098815
B_off_polsby_popper_min,0.01095788735071851
B_off_n_split_munis,1.0
B_off_severed_flow_total,243922.56924311048
B_off_severed_fraction,0.27334241317291086
B_off_within_district_retention,648447.4307568895
B_off_cross_pref_flow,39733.0
B_off_cross_pref_flow_severed,39733.0
B_off_cross_pref_flow_retained,0.0
B_off_total_boundary_m,5424410.763412876
B_off_objective,0.6245294675099053
B_off_status,
cost_border_B,0.0
cost_border_A_lo,0.0
cost_border_A_hi,532293.0
cost_border_A_hi_frac,0.2968196993176347
A_on_bound,883334.0
A_current_max_min_ratio,1.9744058238931521
A_current_max_rel_dev,0.37066014780179957
A_current_mean_abs_dev,0.16759516343828482
A_current_rms_dev,0.19458739462659339
A_current_contiguous,True
A_current_polsby_popper_mean,0.029765957144250295
A_current_polsby_popper_min,0.012526064324432172
A_current_n_split_munis,0.0
A_current_severed_flow_total,233890.5
A_current_severed_fraction,0.262100361957484
A_current_within_district_retention,658479.5
A_current_cross_pref_flow,39733.0
A_current_cross_pref_flow_severed,39733.0
A_current_cross_pref_flow_retained,0.0
A_current_total_boundary_m,5554021.895381763
B_current_max_min_ratio,1.9744058238931521
B_current_max_rel_dev,0.37066014780179957
B_current_mean_abs_dev,0.16759516343828482
B_current_rms_dev,0.19458739462659339
B_current_contiguous,True
B_current_polsby_popper_mean,0.02897465257034027
B_current_polsby_popper_min,0.011490815782798843
B_current_n_split_munis,0.0
B_current_severed_flow_total,233890.5
B_current_severed_fraction,0.262100361957484
B_current_within_district_retention,658479.5
B_current_cross_pref_flow,39733.0
B_current_cross_pref_flow_severed,39733.0
B_current_cross_pref_flow_retained,0.0
B_current_total_boundary_m,5670855.194205408
M5_reassigned_pop,118576.0
M5_reassigned_units,176.0
M5_reassigned_pop_frac,0.029705661526914492
placebo_n,200
placebo_n_feasible,78
placebo_infeasible_share,61.0
placebo_cost_median,0.0646725193455564
placebo_cost_iqr,0.0222 – 0.0727
cost_border_heuristic,0.024479959950260866
placebo_pct,10.0
cross_od_real,39733.0
cross_od_placebo_median,99419.5
cross_od_placebo_iqr,90322 – 103038
cross_od_real_pct,0.0
n_muni,55
region_pop,3991697.0
n_cross,79466.0
total_flow_within_region,1784740.0
n_small,11978
pop_shiga,1413610.0
pop_kyoto,2578087.0
A_on_fut_S1_2025_maxdev,0.15707119827843674
A_on_fut_S1_2030_maxdev,0.16522837771107035
A_on_fut_S1_2035_maxdev,0.19325148244372325
A_on_fut_S1_2040_maxdev,0.21978752959676773
A_on_fut_S1_2045_maxdev,0.24422825478318422
A_on_fut_S1_2050_maxdev,0.26746395470306195
A_on_durability_S1,2040
A_on_durability_S2,2040
A_off_fut_S1_2025_maxdev,0.1665872766677643
A_off_fut_S1_2030_maxdev,0.1705179070180668
A_off_fut_S1_2035_maxdev,0.1934675372876673
A_off_fut_S1_2040_maxdev,0.21682561589798022
A_off_fut_S1_2045_maxdev,0.23924894373622863
A_off_fut_S1_2050_maxdev,0.2605695584348813
A_off_durability_S1,2040
A_off_durability_S2,2040
A_m4on_fut_S1_2025_maxdev,0.15707119827843674
A_m4on_fut_S1_2030_maxdev,0.16522837771107035
A_m4on_fut_S1_2035_maxdev,0.19325148244372325
A_m4on_fut_S1_2040_maxdev,0.21978752959676773
A_m4on_fut_S1_2045_maxdev,0.24422825478318422
A_m4on_fut_S1_2050_maxdev,0.26746395470306195
A_m4on_durability_S1,2040
A_m4on_durability_S2,2040
B_on_fut_S1_2025_maxdev,0.15864437568034329
B_on_fut_S1_2030_maxdev,0.16522837771106968
B_on_fut_S1_2035_maxdev,0.19325148244372126
B_on_fut_S1_2040_maxdev,0.21978752959676906
B_on_fut_S1_2045_maxdev,0.24422825478318355
B_on_fut_S1_2050_maxdev,0.2674639547030606
B_on_durability_S1,2040
B_on_durability_S2,2040
B_off_fut_S1_2025_maxdev,0.15864437568034329
B_off_fut_S1_2030_maxdev,0.16522837771106968
B_off_fut_S1_2035_maxdev,0.19325148244372126
B_off_fut_S1_2040_maxdev,0.21978752959676906
B_off_fut_S1_2045_maxdev,0.24422825478318355
B_off_fut_S1_2050_maxdev,0.2674639547030606
B_off_durability_S1,2040
B_off_durability_S2,2040
B_m4on_fut_S1_2025_maxdev,0.15864437568034329
B_m4on_fut_S1_2030_maxdev,0.16522837771106968
B_m4on_fut_S1_2035_maxdev,0.19325148244372148
B_m4on_fut_S1_2040_maxdev,0.21978752959676906
B_m4on_fut_S1_2045_maxdev,0.24422825478318333
B_m4on_fut_S1_2050_maxdev,0.2674639547030606
B_m4on_durability_S1,2040
B_m4on_durability_S2,2040
B_m4off_fut_S1_2025_maxdev,0.15864437568034329
B_m4off_fut_S1_2030_maxdev,0.16522837771106968
B_m4off_fut_S1_2035_maxdev,0.19325148244372148
B_m4off_fut_S1_2040_maxdev,0.21978752959676862
B_m4off_fut_S1_2045_maxdev,0.24422825478318333
B_m4off_fut_S1_2050_maxdev,0.2674639547030606
B_m4off_durability_S1,2040
B_m4off_durability_S2,2040
