placebo_id,pop_share_grp1,boundary_len_m,obj_on,obj_off,bound_on,bound_off,status_on,status_off,cost
0,0.3965937294338723,149635.91488709635,0.3554880334867708,0.28466146345514076,,,HEUR-FEASIBLE,HEUR-FEASIBLE,0.07082657003163007
1,0.256072292060244,156804.5835693587,0.34933398280069716,0.28466146345514076,,,HEUR-FEASIBLE,HEUR-FEASIBLE,0.0646725193455564
2,0.3010205934969513,157415.05090640992,,0.28466146345514076,,,HEUR-INFEASIBLE,HEUR-FEASIBLE,
3,0.3392880271222991,169919.88342882734,0.35786854706182936,0.28466146345514076,,,HEUR-FEASIBLE,HEUR-FEASIBLE,0.0732070836066886
4,0.2867762758546052,145479.35441057754,,0.28466146345514076,,,HEUR-INFEASIBLE,HEUR-FEASIBLE,
5,0.3478147264183629,176164.46581455527,0.33250187137712095,0.28466146345514076,,,HEUR-FEASIBLE,HEUR-FEASIBLE,0.04784040792198019
6,0.2895983838452668,117380.0592923262,,0.28466146345514076,,,HEUR-INFEASIBLE,HEUR-FEASIBLE,
7,0.3021208774112864,175964.64939176515,,0.28466146345514076,,,HEUR-INFEASIBLE,HEUR-FEASIBLE,
8,0.2895983838452668,117380.0592923262,,0.28466146345514076,,,HEUR-INFEASIBLE,HEUR-FEASIBLE,
9,0.3567400030613546,111634.7632597944,0.32753640271081397,0.28466146345514076,,,HEUR-FEASIBLE,HEUR-FEASIBLE,0.042874939255673206
10,0.3478147264183629,176164.46581455527,0.33250187137712095,0.28466146345514076,,,HEUR-FEASIBLE,HEUR-FEASIBLE,0.04784040792198019
11,0.3803931009793579,145096.528652984,,0.28466146345514076,,,HEUR-INFEASIBLE,HEUR-FEASIBLE,
12,0.4205579732128967,150193.92604136985,0.3573135606328426,0.28466146345514076,,,HEUR-FEASIBLE,HEUR-FEASIBLE,0.07265209717770182
13,0.2987679175047605,131690.42252418294,,0.28466146345514076,,,HEUR-INFEASIBLE,HEUR-FEASIBLE,
14,0.4381898225241044,120116.84156632642,0.2805744460397206,0.28466146345514076,,,HEUR-FEASIBLE,HEUR-FEASIBLE,-0.004087017415420169
15,0.2895983838452668,117380.0592923262,,0.28466146345514076,,,HEUR-INFEASIBLE,HEUR-FEASIBLE,
16,0.3803931009793579,145096.528652984,,0.28466146345514076,,,HEUR-INFEASIBLE,HEUR-FEASIBLE,
17,0.2688593347641366,118625.04452638223,,0.28466146345514076,,,HEUR-INFEASIBLE,HEUR-FEASIBLE,
18,0.289122395813109,109655.9252010524,,0.28466146345514076,,,HEUR-INFEASIBLE,HEUR-FEASIBLE,
19,0.2612307497287494,135112.2299300887,,0.28466146345514076,,,HEUR-INFEASIBLE,HEUR-FEASIBLE,
20,0.3627482246272701,121526.01616931392,,0.28466146345514076,,,HEUR-INFEASIBLE,HEUR-FEASIBLE,
21,0.3897760776932718,175206.35190578544,,0.28466146345514076,,,HEUR-INFEASIBLE,HEUR-FEASIBLE,
22,0.4141166025377176,168940.53133476205,0.3133237872552659,0.28466146345514076,,,HEUR-FEASIBLE,HEUR-FEASIBLE,0.028662323800125122
23,0.3622178737514395,144070.17980759,0.33865943501272655,0.28466146345514076,,,HEUR-FEASIBLE,HEUR-FEASIBLE,0.05399797155758579
24,0.3311944769354988,107644.12619596029,0.3541351952853365,0.28466146345514076,,,HEUR-FEASIBLE,HEUR-FEASIBLE,0.06947373183019573
25,0.256671285420712,171199.99559807882,0.35904354665352495,0.28466146345514076,,,HEUR-FEASIBLE,HEUR-FEASIBLE,0.07438208319838419
26,0.3627482246272701,121526.01616931392,,0.28466146345514076,,,HEUR-INFEASIBLE,HEUR-FEASIBLE,
27,0.3150840356870774,173319.4285262264,0.36225103109330853,0.28466146345514076,,,HEUR-FEASIBLE,HEUR-FEASIBLE,0.07758956763816777
28,0.2986105909341315,156238.20338363008,,0.28466146345514076,,,HEUR-INFEASIBLE,HEUR-FEASIBLE,
29,0.3205974802195657,173495.44296774874,0.3645514182897942,0.28466146345514076,,,HEUR-FEASIBLE,HEUR-FEASIBLE,0.07988995483465344
30,0.4458116435190346,176057.6048322931,0.3056070193105235,0.28466146345514076,,,HEUR-FEASIBLE,HEUR-FEASIBLE,0.020945555855382714
31,0.2893060269855151,115484.60598968728,0.38571704786194533,0.28466146345514076,,,HEUR-FEASIBLE,HEUR-FEASIBLE,0.10105558440680457
32,0.3266595635891201,122562.9628798224,0.2889550034462788,0.28466146345514076,,,HEUR-FEASIBLE,HEUR-FEASIBLE,0.004293539991138018
33,0.3513883944597999,116578.45350400076,,0.28466146345514076,,,HEUR-INFEASIBLE,HEUR-FEASIBLE,
34,0.256671285420712,171199.99559807882,0.35904354665352495,0.28466146345514076,,,HEUR-FEASIBLE,HEUR-FEASIBLE,0.07438208319838419
35,0.3988697037876372,158956.0282437983,0.3622730964850499,0.28466146345514076,,,HEUR-FEASIBLE,HEUR-FEASIBLE,0.07761163302990914
36,0.4141166025377176,168940.53133476205,0.3133237872552659,0.28466146345514076,,,HEUR-FEASIBLE,HEUR-FEASIBLE,0.028662323800125122
37,0.4003477718874955,105163.50743466408,0.313093930471694,0.28466146345514076,,,HEUR-FEASIBLE,HEUR-FEASIBLE,0.02843246701655322
38,0.256072292060244,156804.5835693587,0.34933398280069716,0.28466146345514076,,,HEUR-FEASIBLE,HEUR-FEASIBLE,0.0646725193455564
39,0.2756181143007598,125680.49174473468,,0.28466146345514076,,,HEUR-INFEASIBLE,HEUR-FEASIBLE,
40,0.2963571633818899,146754.50390927136,,0.28466146345514076,,,HEUR-INFEASIBLE,HEUR-FEASIBLE,
41,0.2867762758546052,145479.35441057754,,0.28466146345514076,,,HEUR-INFEASIBLE,HEUR-FEASIBLE,
42,0.2682896522456489,162507.583919644,,0.28466146345514076,,,HEUR-INFEASIBLE,HEUR-FEASIBLE,
43,0.3925971836038657,152661.63800179493,0.3567820366006278,0.28466146345514076,,,HEUR-FEASIBLE,HEUR-FEASIBLE,0.07212057314548703
44,0.3587516787972634,124551.73928401248,,0.28466146345514076,,,HEUR-INFEASIBLE,HEUR-FEASIBLE,
45,0.256072292060244,156804.5835693587,0.34933398280069716,0.28466146345514076,,,HEUR-FEASIBLE,HEUR-FEASIBLE,0.0646725193455564
46,0.3627482246272701,121526.01616931392,,0.28466146345514076,,,HEUR-INFEASIBLE,HEUR-FEASIBLE,
47,0.3392880271222991,169919.88342882734,0.35786854706182936,0.28466146345514076,,,HEUR-FEASIBLE,HEUR-FEASIBLE,0.0732070836066886
48,0.3243134436306162,132572.3167318075,,0.28466146345514076,,,HEUR-INFEASIBLE,HEUR-FEASIBLE,
49,0.3392880271222991,169919.88342882734,0.35786854706182936,0.28466146345514076,,,HEUR-FEASIBLE,HEUR-FEASIBLE,0.0732070836066886
50,0.2867762758546052,145479.35441057754,,0.28466146345514076,,,HEUR-INFEASIBLE,HEUR-FEASIBLE,
51,0.3311944769354988,107644.12619596029,0.3541351952853365,0.28466146345514076,,,HEUR-FEASIBLE,HEUR-FEASIBLE,0.06947373183019573
52,0.2820715099367512,170052.97494562104,,0.28466146345514076,,,HEUR-INFEASIBLE,HEUR-FEASIBLE,
53,0.3627482246272701,121526.01616931392,,0.28466146345514076,,,HEUR-INFEASIBLE,HEUR-FEASIBLE,
54,0.3003537092118966,143728.78079457278,,0.28466146345514076,,,HEUR-INFEASIBLE,HEUR-FEASIBLE,
55,0.3803931009793579,145096.528652984,,0.28466146345514076,,,HEUR-INFEASIBLE,HEUR-FEASIBLE,
56,0.3261555173150667,164120.8528924176,0.32028807999236264,0.28466146345514076,,,HEUR-FEASIBLE,HEUR-FEASIBLE,0.03562661653722188
57,0.2987679175047605,131690.42252418294,,0.28466146345514076,,,HEUR-INFEASIBLE,HEUR-FEASIBLE,
58,0.3587516787972634,124551.73928401248,,0.28466146345514076,,,HEUR-INFEASIBLE,HEUR-FEASIBLE,
59,0.2867762758546052,145479.35441057754,,0.28466146345514076,,,HEUR-INFEASIBLE,HEUR-FEASIBLE,
60,0.4381898225241044,120116.84156632642,0.2805744460397206,0.28466146345514076,,,HEUR-FEASIBLE,HEUR-FEASIBLE,-0.004087017415420169
61,0.3587516787972634,124551.73928401248,,0.28466146345514076,,,HEUR-INFEASIBLE,HEUR-FEASIBLE,
62,0.3243134436306162,132572.3167318075,,0.28466146345514076,,,HEUR-INFEASIBLE,HEUR-FEASIBLE,
63,0.3803931009793579,145096.528652984,,0.28466146345514076,,,HEUR-INFEASIBLE,HEUR-FEASIBLE,
64,0.3097923013695678,126314.38660036666,,0.28466146345514076,,,HEUR-INFEASIBLE,HEUR-FEASIBLE,
65,0.3378034455020007,143417.71672110833,,0.28466146345514076,,,HEUR-INFEASIBLE,HEUR-FEASIBLE,
66,0.2756181143007598,125680.49174473468,,0.28466146345514076,,,HEUR-INFEASIBLE,HEUR-FEASIBLE,
67,0.3392880271222991,169919.88342882734,0.35786854706182936,0.28466146345514076,,,HEUR-FEASIBLE,HEUR-FEASIBLE,0.0732070836066886
68,0.3311944769354988,107644.12619596029,0.3541351952853365,0.28466146345514076,,,HEUR-FEASIBLE,HEUR-FEASIBLE,0.06947373183019573
69,0.2679501976227153,121969.30088261089,,0.28466146345514076,,,HEUR-INFEASIBLE,HEUR-FEASIBLE,
70,0.289122395813109,109655.9252010524,,0.28466146345514076,,,HEUR-INFEASIBLE,HEUR-FEASIBLE,
71,0.256072292060244,156804.5835693587,0.34933398280069716,0.28466146345514076,,,HEUR-FEASIBLE,HEUR-FEASIBLE,0.0646725193455564
72,0.4043443177175021,102137.78431996552,0.2973724638964675,0.28466146345514076,,,HEUR-FEASIBLE,HEUR-FEASIBLE,0.012711000441326725
73,0.3627482246272701,121526.01616931392,,0.28466146345514076,,,HEUR-INFEASIBLE,HEUR-FEASIBLE,
74,0.2756181143007598,125680.49174473468,,0.28466146345514076,,,HEUR-INFEASIBLE,HEUR-FEASIBLE,
75,0.2720689972209814,150682.30680099124,,0.28466146345514076,,,HEUR-INFEASIBLE,HEUR-FEASIBLE,
76,0.3243134436306162,132572.3167318075,,0.28466146345514076,,,HEUR-INFEASIBLE,HEUR-FEASIBLE,
77,0.4341932766940978,123142.56468102496,0.29421792988642415,0.28466146345514076,,,HEUR-FEASIBLE,HEUR-FEASIBLE,0.009556466431283384
78,0.4500020918421413,166752.5805800191,0.3104298824127847,0.28466146345514076,,,HEUR-FEASIBLE,HEUR-FEASIBLE,0.025768418957643924
79,0.256072292060244,156804.5835693587,0.34933398280069716,0.28466146345514076,,,HEUR-FEASIBLE,HEUR-FEASIBLE,0.0646725193455564
80,0.256072292060244,156804.5835693587,0.34933398280069716,0.28466146345514076,,,HEUR-FEASIBLE,HEUR-FEASIBLE,0.0646725193455564
81,0.2895983838452668,117380.0592923262,,0.28466146345514076,,,HEUR-INFEASIBLE,HEUR-FEASIBLE,
82,0.3205974802195657,173495.44296774874,0.3645514182897942,0.28466146345514076,,,HEUR-FEASIBLE,HEUR-FEASIBLE,0.07988995483465344
83,0.2867762758546052,145479.35441057754,,0.28466146345514076,,,HEUR-INFEASIBLE,HEUR-FEASIBLE,
84,0.3011636404266155,134626.69899308338,0.3109352199289195,0.28466146345514076,,,HEUR-FEASIBLE,HEUR-FEASIBLE,0.02627375647377872
85,0.3627482246272701,121526.01616931392,,0.28466146345514076,,,HEUR-INFEASIBLE,HEUR-FEASIBLE,
86,0.3803931009793579,145096.528652984,,0.28466146345514076,,,HEUR-INFEASIBLE,HEUR-FEASIBLE,
87,0.3392880271222991,169919.88342882734,0.35786854706182936,0.28466146345514076,,,HEUR-FEASIBLE,HEUR-FEASIBLE,0.0732070836066886
88,0.3803931009793579,145096.528652984,,0.28466146345514076,,,HEUR-INFEASIBLE,HEUR-FEASIBLE,
89,0.3587516787972634,124551.73928401248,,0.28466146345514076,,,HEUR-INFEASIBLE,HEUR-FEASIBLE,
90,0.3897760776932718,175206.35190578544,,0.28466146345514076,,,HEUR-INFEASIBLE,HEUR-FEASIBLE,
91,0.345438794577845,111397.67103538816,,0.28466146345514076,,,HEUR-INFEASIBLE,HEUR-FEASIBLE,
92,0.2998884935404666,170051.07741255563,,0.28466146345514076,,,HEUR-INFEASIBLE,HEUR-FEASIBLE,
93,0.2796146601307664,122654.76863003612,,0.28466146345514076,,,HEUR-INFEASIBLE,HEUR-FEASIBLE,
94,0.3569329034743869,173580.22855438953,,0.28466146345514076,,,HEUR-INFEASIBLE,HEUR-FEASIBLE,
95,0.3587516787972634,124551.73928401248,,0.28466146345514076,,,HEUR-INFEASIBLE,HEUR-FEASIBLE,
96,0.256072292060244,156804.5835693587,0.34933398280069716,0.28466146345514076,,,HEUR-FEASIBLE,HEUR-FEASIBLE,0.0646725193455564
97,0.2986105909341315,156238.20338363008,,0.28466146345514076,,,HEUR-INFEASIBLE,HEUR-FEASIBLE,
98,0.4341932766940978,123142.56468102496,0.29421792988642415,0.28466146345514076,,,HEUR-FEASIBLE,HEUR-FEASIBLE,0.009556466431283384
99,0.4381898225241044,120116.84156632642,0.2805744460397206,0.28466146345514076,,,HEUR-FEASIBLE,HEUR-FEASIBLE,-0.004087017415420169
100,0.2676906588851809,148112.1718909239,,0.28466146345514076,,,HEUR-INFEASIBLE,HEUR-FEASIBLE,
101,0.3587516787972634,124551.73928401248,,0.28466146345514076,,,HEUR-INFEASIBLE,HEUR-FEASIBLE,
102,0.3803931009793579,145096.528652984,,0.28466146345514076,,,HEUR-INFEASIBLE,HEUR-FEASIBLE,
103,0.4381898225241044,120116.84156632642,0.2805744460397206,0.28466146345514076,,,HEUR-FEASIBLE,HEUR-FEASIBLE,-0.004087017415420169
104,0.3003537092118966,143728.78079457278,,0.28466146345514076,,,HEUR-INFEASIBLE,HEUR-FEASIBLE,
105,0.3650399817421011,141292.4041286659,,0.28466146345514076,,,HEUR-INFEASIBLE,HEUR-FEASIBLE,
106,0.3627482246272701,121526.01616931392,,0.28466146345514076,,,HEUR-INFEASIBLE,HEUR-FEASIBLE,
107,0.3803931009793579,145096.528652984,,0.28466146345514076,,,HEUR-INFEASIBLE,HEUR-FEASIBLE,
108,0.3587516787972634,124551.73928401248,,0.28466146345514076,,,HEUR-INFEASIBLE,HEUR-FEASIBLE,
109,0.3370556432514792,175392.53032686157,0.36491037648353497,0.28466146345514076,,,HEUR-FEASIBLE,HEUR-FEASIBLE,0.08024891302839421
110,0.3010205934969513,157415.05090640992,,0.28466146345514076,,,HEUR-INFEASIBLE,HEUR-FEASIBLE,
111,0.3052328370615305,153511.675193524,0.34416287041409466,0.28466146345514076,,,HEUR-FEASIBLE,HEUR-FEASIBLE,0.059501406958953895
112,0.3243134436306162,132572.3167318075,,0.28466146345514076,,,HEUR-INFEASIBLE,HEUR-FEASIBLE,
113,0.3378034455020007,143417.71672110833,,0.28466146345514076,,,HEUR-INFEASIBLE,HEUR-FEASIBLE,
114,0.2867762758546052,145479.35441057754,,0.28466146345514076,,,HEUR-INFEASIBLE,HEUR-FEASIBLE,
115,0.4258096243276982,145826.98343613185,0.29583120652605777,0.28466146345514076,,,HEUR-FEASIBLE,HEUR-FEASIBLE,0.011169743070917004
116,0.3627482246272701,121526.01616931392,,0.28466146345514076,,,HEUR-INFEASIBLE,HEUR-FEASIBLE,
117,0.3925971836038657,152661.63800179493,0.3567820366006278,0.28466146345514076,,,HEUR-FEASIBLE,HEUR-FEASIBLE,0.07212057314548703
118,0.2895983838452668,117380.0592923262,,0.28466146345514076,,,HEUR-INFEASIBLE,HEUR-FEASIBLE,
119,0.3038427014876129,121133.60413175408,,0.28466146345514076,,,HEUR-INFEASIBLE,HEUR-FEASIBLE,
120,0.3205974802195657,173495.44296774874,0.3645514182897942,0.28466146345514076,,,HEUR-FEASIBLE,HEUR-FEASIBLE,0.07988995483465344
121,0.3622178737514395,144070.17980759,0.33865943501272655,0.28466146345514076,,,HEUR-FEASIBLE,HEUR-FEASIBLE,0.05399797155758579
122,0.3051601862566221,131600.9758783848,0.30119295678209884,0.28466146345514076,,,HEUR-FEASIBLE,HEUR-FEASIBLE,0.01653149332695808
123,0.3151439099711225,121370.6963561603,,0.28466146345514076,,,HEUR-INFEASIBLE,HEUR-FEASIBLE,
124,0.3032975699307838,120983.7946608267,,0.28466146345514076,,,HEUR-INFEASIBLE,HEUR-FEASIBLE,
125,0.3392880271222991,169919.88342882734,0.35786854706182936,0.28466146345514076,,,HEUR-FEASIBLE,HEUR-FEASIBLE,0.0732070836066886
126,0.2776067421951115,134277.73403493033,,0.28466146345514076,,,HEUR-INFEASIBLE,HEUR-FEASIBLE,
127,0.3853629170751186,164518.51754803694,,0.28466146345514076,,,HEUR-INFEASIBLE,HEUR-FEASIBLE,
128,0.3587516787972634,124551.73928401248,,0.28466146345514076,,,HEUR-INFEASIBLE,HEUR-FEASIBLE,
129,0.3764621913937857,156005.8763034224,0.384620721819202,0.28466146345514076,,,HEUR-FEASIBLE,HEUR-FEASIBLE,0.09995925836406122
130,0.3627482246272701,121526.01616931392,,0.28466146345514076,,,HEUR-INFEASIBLE,HEUR-FEASIBLE,
131,0.2867762758546052,145479.35441057754,,0.28466146345514076,,,HEUR-INFEASIBLE,HEUR-FEASIBLE,
132,0.3806065440337781,170548.28742691118,0.377320547626805,0.28466146345514076,,,HEUR-FEASIBLE,HEUR-FEASIBLE,0.09265908417166424
133,0.4003477718874955,105163.50743466408,0.313093930471694,0.28466146345514076,,,HEUR-FEASIBLE,HEUR-FEASIBLE,0.02843246701655322
134,0.3403640105949925,112302.19067483456,0.28258404912489565,0.28466146345514076,,,HEUR-FEASIBLE,HEUR-FEASIBLE,-0.0020774143302451087
135,0.3587516787972634,124551.73928401248,,0.28466146345514076,,,HEUR-INFEASIBLE,HEUR-FEASIBLE,
136,0.3803931009793579,145096.528652984,,0.28466146345514076,,,HEUR-INFEASIBLE,HEUR-FEASIBLE,
137,0.3587516787972634,124551.73928401248,,0.28466146345514076,,,HEUR-INFEASIBLE,HEUR-FEASIBLE,
138,0.3627482246272701,121526.01616931392,,0.28466146345514076,,,HEUR-INFEASIBLE,HEUR-FEASIBLE,
139,0.2619189282152427,144395.75377482688,,0.28466146345514076,,,HEUR-INFEASIBLE,HEUR-FEASIBLE,
140,0.4381898225241044,120116.84156632642,0.2805744460397206,0.28466146345514076,,,HEUR-FEASIBLE,HEUR-FEASIBLE,-0.004087017415420169
141,0.3010205934969513,157415.05090640992,,0.28466146345514076,,,HEUR-INFEASIBLE,HEUR-FEASIBLE,
142,0.3627482246272701,121526.01616931392,,0.28466146345514076,,,HEUR-INFEASIBLE,HEUR-FEASIBLE,
143,0.2895983838452668,117380.0592923262,,0.28466146345514076,,,HEUR-INFEASIBLE,HEUR-FEASIBLE,
144,0.3803931009793579,145096.528652984,,0.28466146345514076,,,HEUR-INFEASIBLE,HEUR-FEASIBLE,
145,0.3097923013695678,126314.38660036666,,0.28466146345514076,,,HEUR-INFEASIBLE,HEUR-FEASIBLE,
146,0.3587516787972634,124551.73928401248,,0.28466146345514076,,,HEUR-INFEASIBLE,HEUR-FEASIBLE,
147,0.3803931009793579,145096.528652984,,0.28466146345514076,,,HEUR-INFEASIBLE,HEUR-FEASIBLE,
148,0.3627482246272701,121526.01616931392,,0.28466146345514076,,,HEUR-INFEASIBLE,HEUR-FEASIBLE,
149,0.3627482246272701,121526.01616931392,,0.28466146345514076,,,HEUR-INFEASIBLE,HEUR-FEASIBLE,
150,0.3627482246272701,121526.01616931392,,0.28466146345514076,,,HEUR-INFEASIBLE,HEUR-FEASIBLE,
151,0.3587516787972634,124551.73928401248,,0.28466146345514076,,,HEUR-INFEASIBLE,HEUR-FEASIBLE,
152,0.3587516787972634,124551.73928401248,,0.28466146345514076,,,HEUR-INFEASIBLE,HEUR-FEASIBLE,
153,0.2560795571407349,174139.0769594517,,0.28466146345514076,,,HEUR-INFEASIBLE,HEUR-FEASIBLE,
154,0.2560795571407349,174139.0769594517,,0.28466146345514076,,,HEUR-INFEASIBLE,HEUR-FEASIBLE,
155,0.2682428050024839,169387.7327759533,,0.28466146345514076,,,HEUR-INFEASIBLE,HEUR-FEASIBLE,
156,0.256072292060244,156804.5835693587,0.34933398280069716,0.28466146345514076,,,HEUR-FEASIBLE,HEUR-FEASIBLE,0.0646725193455564
157,0.4381898225241044,120116.84156632642,0.2805744460397206,0.28466146345514076,,,HEUR-FEASIBLE,HEUR-FEASIBLE,-0.004087017415420169
158,0.3307783631873862,143144.55071303516,0.3345529931703986,0.28466146345514076,,,HEUR-FEASIBLE,HEUR-FEASIBLE,0.04989152971525784
159,0.259180994950268,141505.65951779523,,0.28466146345514076,,,HEUR-INFEASIBLE,HEUR-FEASIBLE,
160,0.3803931009793579,145096.528652984,,0.28466146345514076,,,HEUR-INFEASIBLE,HEUR-FEASIBLE,
161,0.3307783631873862,143144.55071303516,0.3345529931703986,0.28466146345514076,,,HEUR-FEASIBLE,HEUR-FEASIBLE,0.04989152971525784
162,0.4520453331001827,152709.4460656729,0.29391180404198547,0.28466146345514076,,,HEUR-FEASIBLE,HEUR-FEASIBLE,0.009250340586844708
163,0.4226450554738999,173011.20233401874,,0.28466146345514076,,,HEUR-INFEASIBLE,HEUR-FEASIBLE,
164,0.3392880271222991,169919.88342882734,0.35786854706182936,0.28466146345514076,,,HEUR-FEASIBLE,HEUR-FEASIBLE,0.0732070836066886
165,0.4381898225241044,120116.84156632642,0.2805744460397206,0.28466146345514076,,,HEUR-FEASIBLE,HEUR-FEASIBLE,-0.004087017415420169
166,0.3803931009793579,145096.528652984,,0.28466146345514076,,,HEUR-INFEASIBLE,HEUR-FEASIBLE,
167,0.3627482246272701,121526.01616931392,,0.28466146345514076,,,HEUR-INFEASIBLE,HEUR-FEASIBLE,
168,0.345438794577845,111397.67103538816,,0.28466146345514076,,,HEUR-INFEASIBLE,HEUR-FEASIBLE,
169,0.3988697037876372,158956.0282437983,0.3622730964850499,0.28466146345514076,,,HEUR-FEASIBLE,HEUR-FEASIBLE,0.07761163302990914
170,0.3243134436306162,132572.3167318075,,0.28466146345514076,,,HEUR-INFEASIBLE,HEUR-FEASIBLE,
171,0.3067637648849599,145959.1967686277,0.2905898579055149,0.28466146345514076,,,HEUR-FEASIBLE,HEUR-FEASIBLE,0.00592839445037413
172,0.3650399817421011,141292.4041286659,,0.28466146345514076,,,HEUR-INFEASIBLE,HEUR-FEASIBLE,
173,0.2895983838452668,117380.0592923262,,0.28466146345514076,,,HEUR-INFEASIBLE,HEUR-FEASIBLE,
174,0.2867762758546052,145479.35441057754,,0.28466146345514076,,,HEUR-INFEASIBLE,HEUR-FEASIBLE,
175,0.3283723689448372,126091.12256122912,0.29175887701745795,0.28466146345514076,,,HEUR-FEASIBLE,HEUR-FEASIBLE,0.00709741356231719
176,0.3515174122685163,154301.53503994862,0.35740585739623354,0.28466146345514076,,,HEUR-FEASIBLE,HEUR-FEASIBLE,0.07274439394109278
177,0.345438794577845,111397.67103538816,,0.28466146345514076,,,HEUR-INFEASIBLE,HEUR-FEASIBLE,
178,0.3010205934969513,157415.05090640992,,0.28466146345514076,,,HEUR-INFEASIBLE,HEUR-FEASIBLE,
179,0.3515174122685163,154301.53503994862,0.35740585739623354,0.28466146345514076,,,HEUR-FEASIBLE,HEUR-FEASIBLE,0.07274439394109278
180,0.4381898225241044,120116.84156632642,0.2805744460397206,0.28466146345514076,,,HEUR-FEASIBLE,HEUR-FEASIBLE,-0.004087017415420169
181,0.2867762758546052,145479.35441057754,,0.28466146345514076,,,HEUR-INFEASIBLE,HEUR-FEASIBLE,
182,0.2918510598374576,146213.43053076274,,0.28466146345514076,,,HEUR-INFEASIBLE,HEUR-FEASIBLE,
183,0.3627482246272701,121526.01616931392,,0.28466146345514076,,,HEUR-INFEASIBLE,HEUR-FEASIBLE,
184,0.2895983838452668,117380.0592923262,,0.28466146345514076,,,HEUR-INFEASIBLE,HEUR-FEASIBLE,
185,0.2560795571407349,174139.0769594517,,0.28466146345514076,,,HEUR-INFEASIBLE,HEUR-FEASIBLE,
186,0.4381898225241044,120116.84156632642,0.2805744460397206,0.28466146345514076,,,HEUR-FEASIBLE,HEUR-FEASIBLE,-0.004087017415420169
187,0.3311944769354988,107644.12619596029,0.3541351952853365,0.28466146345514076,,,HEUR-FEASIBLE,HEUR-FEASIBLE,0.06947373183019573
188,0.2986105909341315,156238.20338363008,,0.28466146345514076,,,HEUR-INFEASIBLE,HEUR-FEASIBLE,
189,0.3010205934969513,157415.05090640992,,0.28466146345514076,,,HEUR-INFEASIBLE,HEUR-FEASIBLE,
190,0.256072292060244,156804.5835693587,0.34933398280069716,0.28466146345514076,,,HEUR-FEASIBLE,HEUR-FEASIBLE,0.0646725193455564
191,0.3243134436306162,132572.3167318075,,0.28466146345514076,,,HEUR-INFEASIBLE,HEUR-FEASIBLE,
192,0.3243134436306162,132572.3167318075,,0.28466146345514076,,,HEUR-INFEASIBLE,HEUR-FEASIBLE,
193,0.3378034455020007,143417.71672110833,,0.28466146345514076,,,HEUR-INFEASIBLE,HEUR-FEASIBLE,
194,0.256072292060244,156804.5835693587,0.34933398280069716,0.28466146345514076,,,HEUR-FEASIBLE,HEUR-FEASIBLE,0.0646725193455564
195,0.3307783631873862,143144.55071303516,0.3345529931703986,0.28466146345514076,,,HEUR-FEASIBLE,HEUR-FEASIBLE,0.04989152971525784
196,0.3513883944597999,116578.45350400076,,0.28466146345514076,,,HEUR-INFEASIBLE,HEUR-FEASIBLE,
197,0.3925971836038657,152661.63800179493,0.3567820366006278,0.28466146345514076,,,HEUR-FEASIBLE,HEUR-FEASIBLE,0.07212057314548703
198,0.256072292060244,156804.5835693587,0.34933398280069716,0.28466146345514076,,,HEUR-FEASIBLE,HEUR-FEASIBLE,0.0646725193455564
199,0.256072292060244,156804.5835693587,0.34933398280069716,0.28466146345514076,,,HEUR-FEASIBLE,HEUR-FEASIBLE,0.0646725193455564
